CREATE DATABASE  IF NOT EXISTS `tqfood` /*!40100 DEFAULT CHARACTER SET utf8mb4 COLLATE utf8mb4_general_ci */;
USE `tqfood`;
-- MySQL dump 10.13  Distrib 8.0.42, for Win64 (x86_64)
--
-- Host: 127.0.0.1    Database: tqfood
-- ------------------------------------------------------
-- Server version	5.5.5-10.4.32-MariaDB

/*!40101 SET @OLD_CHARACTER_SET_CLIENT=@@CHARACTER_SET_CLIENT */;
/*!40101 SET @OLD_CHARACTER_SET_RESULTS=@@CHARACTER_SET_RESULTS */;
/*!40101 SET @OLD_COLLATION_CONNECTION=@@COLLATION_CONNECTION */;
/*!50503 SET NAMES utf8 */;
/*!40103 SET @OLD_TIME_ZONE=@@TIME_ZONE */;
/*!40103 SET TIME_ZONE='+00:00' */;
/*!40014 SET @OLD_UNIQUE_CHECKS=@@UNIQUE_CHECKS, UNIQUE_CHECKS=0 */;
/*!40014 SET @OLD_FOREIGN_KEY_CHECKS=@@FOREIGN_KEY_CHECKS, FOREIGN_KEY_CHECKS=0 */;
/*!40101 SET @OLD_SQL_MODE=@@SQL_MODE, SQL_MODE='NO_AUTO_VALUE_ON_ZERO' */;
/*!40111 SET @OLD_SQL_NOTES=@@SQL_NOTES, SQL_NOTES=0 */;

--
-- Table structure for table `chitiethoadon`
--

DROP TABLE IF EXISTS `chitiethoadon`;
/*!40101 SET @saved_cs_client     = @@character_set_client */;
/*!50503 SET character_set_client = utf8mb4 */;
CREATE TABLE `chitiethoadon` (
  `id` int(11) NOT NULL AUTO_INCREMENT,
  `hoadon_id` int(11) NOT NULL,
  `product_id` varchar(100) NOT NULL,
  `quantity` int(11) NOT NULL DEFAULT 1,
  `price` decimal(10,2) NOT NULL,
  `total_price` decimal(10,2) GENERATED ALWAYS AS (`quantity` * `price`) STORED,
  `created_at` timestamp NOT NULL DEFAULT current_timestamp(),
  `source_type` varchar(50) DEFAULT 'menu' COMMENT 'menu, combo_full, combo_single_day',
  `combo_info` varchar(100) DEFAULT NULL COMMENT 'th¶ng tin combo n?u c¾, vd: combo_3day_ngay1',
  PRIMARY KEY (`id`),
  KEY `idx_hoadon_id` (`hoadon_id`),
  KEY `idx_product_id` (`product_id`),
  CONSTRAINT `chitiethoadon_ibfk_1` FOREIGN KEY (`hoadon_id`) REFERENCES `hoadon` (`id`) ON DELETE CASCADE
) ENGINE=InnoDB AUTO_INCREMENT=743 DEFAULT CHARSET=utf8mb4 COLLATE=utf8mb4_general_ci;
/*!40101 SET character_set_client = @saved_cs_client */;

--
-- Dumping data for table `chitiethoadon`
--

LOCK TABLES `chitiethoadon` WRITE;
/*!40000 ALTER TABLE `chitiethoadon` DISABLE KEYS */;
INSERT INTO `chitiethoadon` (`id`, `hoadon_id`, `product_id`, `quantity`, `price`, `created_at`, `source_type`, `combo_info`) VALUES (1,2,'1',1,250000.00,'2025-07-03 02:07:56','menu',NULL),(2,3,'1',1,250000.00,'2025-07-03 02:26:40','menu',NULL),(3,4,'2',1,360000.00,'2025-07-03 02:27:04','menu',NULL),(4,5,'1',1,250000.00,'2025-07-03 02:31:23','menu',NULL),(5,6,'1',1,250000.00,'2025-07-03 03:21:43','menu',NULL),(6,7,'2',1,360000.00,'2025-07-03 03:38:07','menu',NULL),(7,8,'1',1,250000.00,'2025-07-03 03:50:58','menu',NULL),(8,9,'1',1,250000.00,'2025-07-03 03:51:36','menu',NULL),(9,10,'1',1,250000.00,'2025-07-03 03:52:54','menu',NULL),(10,11,'1',1,250000.00,'2025-07-03 03:54:34','menu',NULL),(11,12,'2',1,360000.00,'2025-07-03 03:54:55','menu',NULL),(12,13,'10',1,130000.00,'2025-07-03 05:35:08','menu',NULL),(13,14,'2',1,360000.00,'2025-07-03 05:35:46','menu',NULL),(14,15,'72',1,100000.00,'2025-07-03 05:39:54','menu',NULL),(15,15,'5',1,230000.00,'2025-07-03 05:39:54','menu',NULL),(16,15,'2',1,360000.00,'2025-07-03 05:39:54','menu',NULL),(17,15,'93',1,70000.00,'2025-07-03 05:39:54','menu',NULL),(18,16,'76',1,120000.00,'2025-07-03 05:42:06','menu',NULL),(19,16,'4',1,250000.00,'2025-07-03 05:42:06','menu',NULL),(20,16,'5',1,230000.00,'2025-07-03 05:42:06','menu',NULL),(21,16,'51',1,25000.00,'2025-07-03 05:42:06','menu',NULL),(22,17,'72',1,100000.00,'2025-07-03 05:46:04','menu',NULL),(23,17,'12',1,110000.00,'2025-07-03 05:46:04','menu',NULL),(24,17,'1',1,250000.00,'2025-07-03 05:46:04','menu',NULL),(25,17,'45',1,30000.00,'2025-07-03 05:46:04','menu',NULL),(26,18,'1',1,250000.00,'2025-07-03 05:47:11','menu',NULL),(27,19,'2',1,360000.00,'2025-07-03 05:49:05','menu',NULL),(28,20,'5',1,230000.00,'2025-07-03 05:49:54','menu',NULL),(29,21,'2',1,360000.00,'2025-07-03 05:51:39','menu',NULL),(30,22,'5',1,230000.00,'2025-07-03 05:55:40','menu',NULL),(31,23,'72',1,100000.00,'2025-07-03 05:57:16','menu',NULL),(32,23,'10',1,130000.00,'2025-07-03 05:57:16','menu',NULL),(33,23,'11',1,130000.00,'2025-07-03 05:57:16','menu',NULL),(34,23,'49',1,25000.00,'2025-07-03 05:57:16','menu',NULL),(35,24,'2',1,360000.00,'2025-07-03 06:01:34','menu',NULL),(36,25,'2',1,360000.00,'2025-07-03 06:04:09','menu',NULL),(37,26,'67',1,100000.00,'2025-07-03 06:17:01','menu',NULL),(38,26,'86',1,130000.00,'2025-07-03 06:17:01','menu',NULL),(39,26,'87',1,120000.00,'2025-07-03 06:17:01','menu',NULL),(40,26,'46',1,30000.00,'2025-07-03 06:17:01','menu',NULL),(41,27,'1',1,250000.00,'2025-07-03 06:18:46','menu',NULL),(42,28,'29',1,110000.00,'2025-07-03 06:33:55','menu',NULL),(43,28,'4',1,250000.00,'2025-07-03 06:33:55','menu',NULL),(44,28,'63',1,155000.00,'2025-07-03 06:33:55','menu',NULL),(45,28,'45',1,30000.00,'2025-07-03 06:33:55','menu',NULL),(46,29,'64',1,130000.00,'2025-07-03 06:38:46','menu',NULL),(47,29,'11',1,130000.00,'2025-07-03 06:38:46','menu',NULL),(48,29,'63',1,155000.00,'2025-07-03 06:38:46','menu',NULL),(49,29,'46',1,30000.00,'2025-07-03 06:38:46','menu',NULL),(50,29,'72',1,100000.00,'2025-07-03 06:38:46','menu',NULL),(51,29,'63',1,155000.00,'2025-07-03 06:38:46','menu',NULL),(52,29,'10',1,130000.00,'2025-07-03 06:38:46','menu',NULL),(53,29,'42',1,45000.00,'2025-07-03 06:38:46','menu',NULL),(54,29,'29',1,110000.00,'2025-07-03 06:38:46','menu',NULL),(55,29,'12',1,110000.00,'2025-07-03 06:38:46','menu',NULL),(56,29,'91',1,140000.00,'2025-07-03 06:38:46','menu',NULL),(57,29,'93',1,70000.00,'2025-07-03 06:38:46','menu',NULL),(58,29,'76',1,120000.00,'2025-07-03 06:38:46','menu',NULL),(59,29,'86',1,130000.00,'2025-07-03 06:38:46','menu',NULL),(60,29,'63',1,155000.00,'2025-07-03 06:38:46','menu',NULL),(61,29,'49',1,25000.00,'2025-07-03 06:38:46','menu',NULL),(62,30,'54',1,40000.00,'2025-07-03 06:54:25','menu',NULL),(63,30,'63',1,155000.00,'2025-07-03 06:54:25','menu',NULL),(64,30,'1',1,250000.00,'2025-07-03 06:54:25','menu',NULL),(65,30,'45',1,30000.00,'2025-07-03 06:54:25','menu',NULL),(66,30,'64',1,130000.00,'2025-07-03 06:54:25','menu',NULL),(67,30,'4',1,250000.00,'2025-07-03 06:54:25','menu',NULL),(68,30,'12',1,110000.00,'2025-07-03 06:54:25','menu',NULL),(69,30,'46',1,30000.00,'2025-07-03 06:54:25','menu',NULL),(70,30,'77',1,90000.00,'2025-07-03 06:54:25','menu',NULL),(71,30,'12',1,110000.00,'2025-07-03 06:54:25','menu',NULL),(72,30,'91',1,140000.00,'2025-07-03 06:54:25','menu',NULL),(73,30,'46',1,30000.00,'2025-07-03 06:54:25','menu',NULL),(74,30,'64',1,130000.00,'2025-07-03 06:54:25','menu',NULL),(75,30,'4',1,250000.00,'2025-07-03 06:54:25','menu',NULL),(76,30,'86',1,130000.00,'2025-07-03 06:54:25','menu',NULL),(77,30,'46',1,30000.00,'2025-07-03 06:54:25','menu',NULL),(78,30,'77',1,90000.00,'2025-07-03 06:54:25','menu',NULL),(79,30,'2',1,360000.00,'2025-07-03 06:54:25','menu',NULL),(80,30,'87',1,120000.00,'2025-07-03 06:54:25','menu',NULL),(81,30,'44',1,20000.00,'2025-07-03 06:54:25','menu',NULL),(82,30,'68',1,100000.00,'2025-07-03 06:54:25','menu',NULL),(83,30,'10',1,130000.00,'2025-07-03 06:54:25','menu',NULL),(84,30,'9',1,130000.00,'2025-07-03 06:54:25','menu',NULL),(85,30,'50',1,25000.00,'2025-07-03 06:54:25','menu',NULL),(86,31,'72',1,100000.00,'2025-07-03 06:55:10','menu',NULL),(87,31,'9',1,130000.00,'2025-07-03 06:55:10','menu',NULL),(88,31,'87',1,120000.00,'2025-07-03 06:55:10','menu',NULL),(89,31,'46',1,30000.00,'2025-07-03 06:55:10','menu',NULL),(90,32,'1',1,250000.00,'2025-07-03 06:57:58','menu',NULL),(91,33,'1',1,250000.00,'2025-07-03 07:00:56','menu',NULL),(92,33,'2',1,360000.00,'2025-07-03 07:00:56','menu',NULL),(93,33,'67',1,100000.00,'2025-07-03 07:00:56','menu',NULL),(94,33,'10',1,130000.00,'2025-07-03 07:00:56','menu',NULL),(95,33,'11',1,130000.00,'2025-07-03 07:00:56','menu',NULL),(96,33,'50',1,25000.00,'2025-07-03 07:00:56','menu',NULL),(97,34,'1',1,250000.00,'2025-07-03 07:08:55','menu',NULL),(98,35,'29',1,110000.00,'2025-07-03 07:09:37','menu',NULL),(99,35,'5',1,230000.00,'2025-07-03 07:09:37','menu',NULL),(100,35,'11',1,130000.00,'2025-07-03 07:09:37','menu',NULL),(101,35,'93',1,70000.00,'2025-07-03 07:09:37','menu',NULL),(102,36,'29',1,110000.00,'2025-07-03 07:21:58','menu',NULL),(103,36,'63',1,155000.00,'2025-07-03 07:21:58','menu',NULL),(104,36,'86',1,130000.00,'2025-07-03 07:21:58','menu',NULL),(105,36,'44',1,20000.00,'2025-07-03 07:21:58','menu',NULL),(106,37,'72',1,100000.00,'2025-07-03 07:22:33','menu',NULL),(107,37,'5',1,230000.00,'2025-07-03 07:22:33','menu',NULL),(108,37,'1',1,250000.00,'2025-07-03 07:22:33','menu',NULL),(109,37,'93',1,70000.00,'2025-07-03 07:22:33','menu',NULL),(110,37,'76',1,120000.00,'2025-07-03 07:22:33','menu',NULL),(111,37,'9',1,130000.00,'2025-07-03 07:22:33','menu',NULL),(112,37,'5',1,230000.00,'2025-07-03 07:22:33','menu',NULL),(113,37,'50',1,25000.00,'2025-07-03 07:22:33','menu',NULL),(114,37,'64',1,130000.00,'2025-07-03 07:22:33','menu',NULL),(115,37,'63',1,155000.00,'2025-07-03 07:22:33','menu',NULL),(116,37,'87',1,120000.00,'2025-07-03 07:22:33','menu',NULL),(117,37,'45',1,30000.00,'2025-07-03 07:22:33','menu',NULL),(118,37,'68',1,100000.00,'2025-07-03 07:22:33','menu',NULL),(119,37,'5',1,230000.00,'2025-07-03 07:22:33','menu',NULL),(120,37,'63',1,155000.00,'2025-07-03 07:22:33','menu',NULL),(121,37,'49',1,25000.00,'2025-07-03 07:22:33','menu',NULL),(122,37,'76',1,120000.00,'2025-07-03 07:22:33','menu',NULL),(123,37,'86',1,130000.00,'2025-07-03 07:22:33','menu',NULL),(124,37,'5',1,230000.00,'2025-07-03 07:22:33','menu',NULL),(125,37,'46',1,30000.00,'2025-07-03 07:22:33','menu',NULL),(126,37,'67',1,100000.00,'2025-07-03 07:22:33','menu',NULL),(127,37,'2',1,360000.00,'2025-07-03 07:22:33','menu',NULL),(128,37,'12',1,110000.00,'2025-07-03 07:22:33','menu',NULL),(129,37,'49',1,25000.00,'2025-07-03 07:22:33','menu',NULL),(130,38,'64',1,130000.00,'2025-07-03 07:52:15','menu',NULL),(131,38,'10',1,130000.00,'2025-07-03 07:52:15','menu',NULL),(132,38,'9',1,130000.00,'2025-07-03 07:52:15','menu',NULL),(133,38,'42',1,45000.00,'2025-07-03 07:52:15','menu',NULL),(134,38,'64',1,130000.00,'2025-07-03 07:52:15','menu',NULL),(135,38,'10',1,130000.00,'2025-07-03 07:52:15','menu',NULL),(136,38,'9',1,130000.00,'2025-07-03 07:52:15','menu',NULL),(137,38,'42',1,45000.00,'2025-07-03 07:52:15','menu',NULL),(138,38,'54',1,40000.00,'2025-07-03 07:52:15','menu',NULL),(139,38,'1',1,250000.00,'2025-07-03 07:52:15','menu',NULL),(140,38,'12',1,110000.00,'2025-07-03 07:52:15','menu',NULL),(141,38,'46',1,30000.00,'2025-07-03 07:52:15','menu',NULL),(142,38,'72',1,100000.00,'2025-07-03 07:52:15','menu',NULL),(143,38,'10',1,130000.00,'2025-07-03 07:52:15','menu',NULL),(144,38,'1',1,250000.00,'2025-07-03 07:52:15','menu',NULL),(145,38,'44',1,20000.00,'2025-07-03 07:52:15','menu',NULL),(146,39,'54',1,40000.00,'2025-07-03 07:53:30','menu',NULL),(147,39,'11',1,130000.00,'2025-07-03 07:53:30','menu',NULL),(148,39,'12',1,110000.00,'2025-07-03 07:53:30','menu',NULL),(149,39,'42',1,45000.00,'2025-07-03 07:53:30','menu',NULL),(150,40,'64',1,130000.00,'2025-07-03 07:55:45','menu',NULL),(151,40,'63',1,155000.00,'2025-07-03 07:55:45','menu',NULL),(152,40,'10',1,130000.00,'2025-07-03 07:55:45','menu',NULL),(153,40,'93',1,70000.00,'2025-07-03 07:55:45','menu',NULL),(154,40,'64',1,130000.00,'2025-07-03 07:55:45','menu',NULL),(155,40,'63',1,155000.00,'2025-07-03 07:55:45','menu',NULL),(156,40,'10',1,130000.00,'2025-07-03 07:55:45','menu',NULL),(157,40,'93',1,70000.00,'2025-07-03 07:55:45','menu',NULL),(158,40,'67',1,100000.00,'2025-07-03 07:55:45','menu',NULL),(159,40,'12',1,110000.00,'2025-07-03 07:55:45','menu',NULL),(160,40,'87',1,120000.00,'2025-07-03 07:55:45','menu',NULL),(161,40,'50',1,25000.00,'2025-07-03 07:55:45','menu',NULL),(162,40,'54',1,40000.00,'2025-07-03 07:55:45','menu',NULL),(163,40,'10',1,130000.00,'2025-07-03 07:55:45','menu',NULL),(164,40,'1',1,250000.00,'2025-07-03 07:55:45','menu',NULL),(165,40,'44',1,20000.00,'2025-07-03 07:55:45','menu',NULL),(166,41,'1',1,250000.00,'2025-07-03 08:09:18','menu',NULL),(167,42,'1',1,250000.00,'2025-07-03 08:16:46','menu',NULL),(168,43,'76',1,120000.00,'2025-07-03 08:17:10','menu',NULL),(169,43,'11',1,130000.00,'2025-07-03 08:17:10','menu',NULL),(170,43,'86',1,130000.00,'2025-07-03 08:17:10','menu',NULL),(171,43,'46',1,30000.00,'2025-07-03 08:17:10','menu',NULL),(172,44,'61',1,170000.00,'2025-07-03 08:23:43','menu',NULL),(173,44,'9',1,130000.00,'2025-07-03 08:23:43','menu',NULL),(174,44,'2',1,360000.00,'2025-07-03 08:23:43','menu',NULL),(175,44,'51',1,25000.00,'2025-07-03 08:23:43','menu',NULL),(176,45,'54',1,40000.00,'2025-07-03 08:39:04','menu',NULL),(177,45,'63',1,155000.00,'2025-07-03 08:39:04','menu',NULL),(178,45,'11',1,130000.00,'2025-07-03 08:39:04','menu',NULL),(179,45,'45',1,30000.00,'2025-07-03 08:39:04','menu',NULL),(180,45,'64',1,130000.00,'2025-07-03 08:39:04','menu',NULL),(181,45,'11',1,130000.00,'2025-07-03 08:39:04','menu',NULL),(182,45,'91',1,140000.00,'2025-07-03 08:39:04','menu',NULL),(183,45,'93',1,70000.00,'2025-07-03 08:39:04','menu',NULL),(184,45,'64',1,130000.00,'2025-07-03 08:39:04','menu',NULL),(185,45,'91',1,140000.00,'2025-07-03 08:39:04','menu',NULL),(186,45,'86',1,130000.00,'2025-07-03 08:39:04','menu',NULL),(187,45,'50',1,25000.00,'2025-07-03 08:39:04','menu',NULL),(188,45,'68',1,100000.00,'2025-07-03 08:39:04','menu',NULL),(189,45,'4',1,250000.00,'2025-07-03 08:39:04','menu',NULL),(190,45,'63',1,155000.00,'2025-07-03 08:39:04','menu',NULL),(191,45,'45',1,30000.00,'2025-07-03 08:39:04','menu',NULL),(192,45,'68',1,100000.00,'2025-07-03 08:39:04','menu',NULL),(193,45,'4',1,250000.00,'2025-07-03 08:39:04','menu',NULL),(194,45,'12',1,110000.00,'2025-07-03 08:39:04','menu',NULL),(195,45,'45',1,30000.00,'2025-07-03 08:39:04','menu',NULL),(196,46,'67',1,100000.00,'2025-07-04 00:37:06','menu',NULL),(197,46,'10',1,130000.00,'2025-07-04 00:37:06','menu',NULL),(198,46,'4',1,250000.00,'2025-07-04 00:37:06','menu',NULL),(199,46,'42',1,45000.00,'2025-07-04 00:37:06','menu',NULL),(200,46,'30',1,140000.00,'2025-07-04 00:37:06','menu',NULL),(201,46,'10',1,130000.00,'2025-07-04 00:37:06','menu',NULL),(202,46,'4',1,250000.00,'2025-07-04 00:37:06','menu',NULL),(203,46,'50',1,25000.00,'2025-07-04 00:37:06','menu',NULL),(204,47,'1',1,250000.00,'2025-07-04 00:37:41','menu',NULL),(205,48,'67',1,100000.00,'2025-07-04 00:43:00','menu',NULL),(206,48,'9',1,130000.00,'2025-07-04 00:43:00','menu',NULL),(207,48,'10',1,130000.00,'2025-07-04 00:43:00','menu',NULL),(208,48,'46',1,30000.00,'2025-07-04 00:43:00','menu',NULL),(209,49,'54',1,40000.00,'2025-07-04 00:44:02','menu',NULL),(210,49,'4',1,250000.00,'2025-07-04 00:44:02','menu',NULL),(211,49,'11',1,130000.00,'2025-07-04 00:44:02','menu',NULL),(212,49,'45',1,30000.00,'2025-07-04 00:44:02','menu',NULL),(213,49,'61',1,170000.00,'2025-07-04 00:44:02','menu',NULL),(214,49,'2',1,360000.00,'2025-07-04 00:44:02','menu',NULL),(215,49,'5',1,230000.00,'2025-07-04 00:44:02','menu',NULL),(216,49,'45',1,30000.00,'2025-07-04 00:44:02','menu',NULL),(217,49,'72',1,100000.00,'2025-07-04 00:44:02','menu',NULL),(218,49,'2',1,360000.00,'2025-07-04 00:44:02','menu',NULL),(219,49,'9',1,130000.00,'2025-07-04 00:44:02','menu',NULL),(220,49,'49',1,25000.00,'2025-07-04 00:44:02','menu',NULL),(221,49,'68',1,100000.00,'2025-07-04 00:44:02','menu',NULL),(222,49,'63',1,155000.00,'2025-07-04 00:44:02','menu',NULL),(223,49,'87',1,120000.00,'2025-07-04 00:44:02','menu',NULL),(224,49,'50',1,25000.00,'2025-07-04 00:44:02','menu',NULL),(225,49,'54',1,40000.00,'2025-07-04 00:44:02','menu',NULL),(226,49,'11',1,130000.00,'2025-07-04 00:44:02','menu',NULL),(227,49,'86',1,130000.00,'2025-07-04 00:44:02','menu',NULL),(228,49,'45',1,30000.00,'2025-07-04 00:44:02','menu',NULL),(229,49,'77',1,90000.00,'2025-07-04 00:44:02','menu',NULL),(230,49,'87',1,120000.00,'2025-07-04 00:44:02','menu',NULL),(231,49,'86',1,130000.00,'2025-07-04 00:44:02','menu',NULL),(232,49,'50',1,25000.00,'2025-07-04 00:44:02','menu',NULL),(233,49,'72',1,100000.00,'2025-07-04 00:44:02','menu',NULL),(234,49,'1',1,250000.00,'2025-07-04 00:44:02','menu',NULL),(235,49,'87',1,120000.00,'2025-07-04 00:44:02','menu',NULL),(236,49,'50',1,25000.00,'2025-07-04 00:44:02','menu',NULL),(237,49,'64',1,130000.00,'2025-07-04 00:44:02','menu',NULL),(238,49,'1',1,250000.00,'2025-07-04 00:44:02','menu',NULL),(239,49,'91',1,140000.00,'2025-07-04 00:44:02','menu',NULL),(240,49,'42',1,45000.00,'2025-07-04 00:44:02','menu',NULL),(241,50,'30',1,140000.00,'2025-07-04 00:48:44','menu',NULL),(242,50,'12',1,110000.00,'2025-07-04 00:48:44','menu',NULL),(243,50,'63',1,155000.00,'2025-07-04 00:48:44','menu',NULL),(244,50,'49',1,25000.00,'2025-07-04 00:48:44','menu',NULL),(245,51,'30',1,140000.00,'2025-07-04 00:55:35','menu',NULL),(246,51,'4',1,250000.00,'2025-07-04 00:55:35','menu',NULL),(247,51,'5',1,230000.00,'2025-07-04 00:55:35','menu',NULL),(248,51,'93',1,70000.00,'2025-07-04 00:55:35','menu',NULL),(249,52,'77',1,90000.00,'2025-07-04 00:56:13','menu',NULL),(250,52,'11',1,130000.00,'2025-07-04 00:56:13','menu',NULL),(251,52,'5',1,230000.00,'2025-07-04 00:56:13','menu',NULL),(252,52,'51',1,25000.00,'2025-07-04 00:56:13','menu',NULL),(253,52,'77',1,90000.00,'2025-07-04 00:56:13','menu',NULL),(254,52,'11',1,130000.00,'2025-07-04 00:56:13','menu',NULL),(255,52,'5',1,230000.00,'2025-07-04 00:56:13','menu',NULL),(256,52,'51',1,25000.00,'2025-07-04 00:56:13','menu',NULL),(257,52,'54',1,40000.00,'2025-07-04 00:56:13','menu',NULL),(258,52,'4',1,250000.00,'2025-07-04 00:56:13','menu',NULL),(259,52,'86',1,130000.00,'2025-07-04 00:56:13','menu',NULL),(260,52,'46',1,30000.00,'2025-07-04 00:56:13','menu',NULL),(261,52,'54',1,40000.00,'2025-07-04 00:56:13','menu',NULL),(262,52,'5',1,230000.00,'2025-07-04 00:56:13','menu',NULL),(263,52,'63',1,155000.00,'2025-07-04 00:56:13','menu',NULL),(264,52,'42',1,45000.00,'2025-07-04 00:56:13','menu',NULL),(265,53,'54',1,40000.00,'2025-07-04 00:56:54','menu',NULL),(266,53,'9',1,130000.00,'2025-07-04 00:56:54','menu',NULL),(267,53,'63',1,155000.00,'2025-07-04 00:56:54','menu',NULL),(268,53,'50',1,25000.00,'2025-07-04 00:56:54','menu',NULL),(269,54,'64',1,130000.00,'2025-07-04 00:57:35','menu',NULL),(270,54,'10',1,130000.00,'2025-07-04 00:57:35','menu',NULL),(271,54,'91',1,140000.00,'2025-07-04 00:57:35','menu',NULL),(272,54,'93',1,70000.00,'2025-07-04 00:57:35','menu',NULL),(273,55,'64',1,130000.00,'2025-07-04 00:58:41','menu',NULL),(274,55,'12',1,110000.00,'2025-07-04 00:58:41','menu',NULL),(275,55,'5',1,230000.00,'2025-07-04 00:58:41','menu',NULL),(276,55,'49',1,25000.00,'2025-07-04 00:58:41','menu',NULL),(277,55,'67',1,100000.00,'2025-07-04 00:58:41','menu',NULL),(278,55,'4',1,250000.00,'2025-07-04 00:58:41','menu',NULL),(279,55,'11',1,130000.00,'2025-07-04 00:58:41','menu',NULL),(280,55,'42',1,45000.00,'2025-07-04 00:58:41','menu',NULL),(281,55,'68',1,100000.00,'2025-07-04 00:58:41','menu',NULL),(282,55,'4',1,250000.00,'2025-07-04 00:58:41','menu',NULL),(283,55,'9',1,130000.00,'2025-07-04 00:58:41','menu',NULL),(284,55,'46',1,30000.00,'2025-07-04 00:58:41','menu',NULL),(285,56,'72',1,100000.00,'2025-07-04 00:59:09','menu',NULL),(286,56,'4',1,250000.00,'2025-07-04 00:59:09','menu',NULL),(287,56,'5',1,230000.00,'2025-07-04 00:59:09','menu',NULL),(288,56,'45',1,30000.00,'2025-07-04 00:59:09','menu',NULL),(289,56,'30',1,140000.00,'2025-07-04 00:59:09','menu',NULL),(290,56,'1',1,250000.00,'2025-07-04 00:59:09','menu',NULL),(291,56,'86',1,130000.00,'2025-07-04 00:59:09','menu',NULL),(292,56,'44',1,20000.00,'2025-07-04 00:59:09','menu',NULL),(293,56,'30',1,140000.00,'2025-07-04 00:59:09','menu',NULL),(294,56,'87',1,120000.00,'2025-07-04 00:59:09','menu',NULL),(295,56,'2',1,360000.00,'2025-07-04 00:59:09','menu',NULL),(296,56,'93',1,70000.00,'2025-07-04 00:59:09','menu',NULL),(297,57,'76',1,120000.00,'2025-07-04 01:04:55','menu',NULL),(298,57,'4',1,250000.00,'2025-07-04 01:04:55','menu',NULL),(299,57,'63',1,155000.00,'2025-07-04 01:04:55','menu',NULL),(300,57,'42',1,45000.00,'2025-07-04 01:04:55','menu',NULL),(301,57,'68',1,100000.00,'2025-07-04 01:04:55','menu',NULL),(302,57,'2',1,360000.00,'2025-07-04 01:04:55','menu',NULL),(303,57,'86',1,130000.00,'2025-07-04 01:04:55','menu',NULL),(304,57,'49',1,25000.00,'2025-07-04 01:04:55','menu',NULL),(305,57,'72',1,100000.00,'2025-07-04 01:04:55','menu',NULL),(306,57,'1',1,250000.00,'2025-07-04 01:04:55','menu',NULL),(307,57,'2',1,360000.00,'2025-07-04 01:04:55','menu',NULL),(308,57,'50',1,25000.00,'2025-07-04 01:04:55','menu',NULL),(309,57,'67',1,100000.00,'2025-07-04 01:04:55','menu',NULL),(310,57,'2',1,360000.00,'2025-07-04 01:04:55','menu',NULL),(311,57,'9',1,130000.00,'2025-07-04 01:04:55','menu',NULL),(312,57,'93',1,70000.00,'2025-07-04 01:04:55','menu',NULL),(313,57,'72',1,100000.00,'2025-07-04 01:04:55','menu',NULL),(314,57,'4',1,250000.00,'2025-07-04 01:04:55','menu',NULL),(315,57,'12',1,110000.00,'2025-07-04 01:04:55','menu',NULL),(316,57,'51',1,25000.00,'2025-07-04 01:04:55','menu',NULL),(317,57,'64',1,130000.00,'2025-07-04 01:04:55','menu',NULL),(318,57,'4',1,250000.00,'2025-07-04 01:04:55','menu',NULL),(319,57,'10',1,130000.00,'2025-07-04 01:04:55','menu',NULL),(320,57,'93',1,70000.00,'2025-07-04 01:04:55','menu',NULL),(321,57,'30',1,140000.00,'2025-07-04 01:04:55','menu',NULL),(322,57,'10',1,130000.00,'2025-07-04 01:04:55','menu',NULL),(323,57,'12',1,110000.00,'2025-07-04 01:04:55','menu',NULL),(324,57,'93',1,70000.00,'2025-07-04 01:04:55','menu',NULL),(325,57,'30',1,140000.00,'2025-07-04 01:04:55','menu',NULL),(326,57,'2',1,360000.00,'2025-07-04 01:04:55','menu',NULL),(327,57,'91',1,140000.00,'2025-07-04 01:04:55','menu',NULL),(328,57,'93',1,70000.00,'2025-07-04 01:04:55','menu',NULL),(329,58,'72',1,100000.00,'2025-07-04 01:05:30','menu',NULL),(330,58,'5',1,230000.00,'2025-07-04 01:05:30','menu',NULL),(331,58,'63',1,155000.00,'2025-07-04 01:05:30','menu',NULL),(332,58,'93',1,70000.00,'2025-07-04 01:05:30','menu',NULL),(333,58,'76',1,120000.00,'2025-07-04 01:05:30','menu',NULL),(334,58,'5',1,230000.00,'2025-07-04 01:05:30','menu',NULL),(335,58,'12',1,110000.00,'2025-07-04 01:05:30','menu',NULL),(336,58,'93',1,70000.00,'2025-07-04 01:05:30','menu',NULL),(337,58,'54',1,40000.00,'2025-07-04 01:05:30','menu',NULL),(338,58,'12',1,110000.00,'2025-07-04 01:05:30','menu',NULL),(339,58,'87',1,120000.00,'2025-07-04 01:05:30','menu',NULL),(340,58,'49',1,25000.00,'2025-07-04 01:05:30','menu',NULL),(341,58,'76',1,120000.00,'2025-07-04 01:05:30','menu',NULL),(342,58,'86',1,130000.00,'2025-07-04 01:05:30','menu',NULL),(343,58,'11',1,130000.00,'2025-07-04 01:05:30','menu',NULL),(344,58,'45',1,30000.00,'2025-07-04 01:05:30','menu',NULL),(345,59,'77',1,90000.00,'2025-07-04 01:09:16','menu',NULL),(346,59,'63',1,155000.00,'2025-07-04 01:09:16','menu',NULL),(347,59,'2',1,360000.00,'2025-07-04 01:09:16','menu',NULL),(348,59,'45',1,30000.00,'2025-07-04 01:09:16','menu',NULL),(349,60,'61',1,170000.00,'2025-07-04 01:11:59','menu',NULL),(350,60,'63',1,155000.00,'2025-07-04 01:11:59','menu',NULL),(351,60,'10',1,130000.00,'2025-07-04 01:11:59','menu',NULL),(352,60,'51',1,25000.00,'2025-07-04 01:11:59','menu',NULL),(353,61,'30',1,140000.00,'2025-07-04 01:15:31','menu',NULL),(354,61,'11',1,130000.00,'2025-07-04 01:15:31','menu',NULL),(355,61,'63',1,155000.00,'2025-07-04 01:15:31','menu',NULL),(356,61,'46',1,30000.00,'2025-07-04 01:15:31','menu',NULL),(357,62,'29',1,110000.00,'2025-07-04 01:16:17','menu',NULL),(358,62,'63',1,155000.00,'2025-07-04 01:16:17','menu',NULL),(359,62,'4',1,250000.00,'2025-07-04 01:16:17','menu',NULL),(360,62,'49',1,25000.00,'2025-07-04 01:16:17','menu',NULL),(361,63,'67',1,100000.00,'2025-07-04 01:18:04','menu',NULL),(362,63,'91',1,140000.00,'2025-07-04 01:18:04','menu',NULL),(363,63,'2',1,360000.00,'2025-07-04 01:18:04','menu',NULL),(364,63,'49',1,25000.00,'2025-07-04 01:18:04','menu',NULL),(365,64,'72',1,100000.00,'2025-07-04 01:18:33','menu',NULL),(366,64,'12',1,110000.00,'2025-07-04 01:18:33','menu',NULL),(367,64,'63',1,155000.00,'2025-07-04 01:18:33','menu',NULL),(368,64,'45',1,30000.00,'2025-07-04 01:18:33','menu',NULL),(369,64,'77',1,90000.00,'2025-07-04 01:18:33','menu',NULL),(370,64,'1',1,250000.00,'2025-07-04 01:18:33','menu',NULL),(371,64,'10',1,130000.00,'2025-07-04 01:18:33','menu',NULL),(372,64,'93',1,70000.00,'2025-07-04 01:18:33','menu',NULL),(373,64,'29',1,110000.00,'2025-07-04 01:18:33','menu',NULL),(374,64,'4',1,250000.00,'2025-07-04 01:18:33','menu',NULL),(375,64,'9',1,130000.00,'2025-07-04 01:18:33','menu',NULL),(376,64,'42',1,45000.00,'2025-07-04 01:18:33','menu',NULL),(377,64,'76',1,120000.00,'2025-07-04 01:18:33','menu',NULL),(378,64,'9',1,130000.00,'2025-07-04 01:18:33','menu',NULL),(379,64,'4',1,250000.00,'2025-07-04 01:18:33','menu',NULL),(380,64,'44',1,20000.00,'2025-07-04 01:18:33','menu',NULL),(381,64,'68',1,100000.00,'2025-07-04 01:18:33','menu',NULL),(382,64,'2',1,360000.00,'2025-07-04 01:18:33','menu',NULL),(383,64,'12',1,110000.00,'2025-07-04 01:18:33','menu',NULL),(384,64,'42',1,45000.00,'2025-07-04 01:18:33','menu',NULL),(385,64,'67',1,100000.00,'2025-07-04 01:18:33','menu',NULL),(386,64,'87',1,120000.00,'2025-07-04 01:18:33','menu',NULL),(387,64,'91',1,140000.00,'2025-07-04 01:18:33','menu',NULL),(388,64,'49',1,25000.00,'2025-07-04 01:18:33','menu',NULL),(389,64,'54',1,40000.00,'2025-07-04 01:18:33','menu',NULL),(390,64,'12',1,110000.00,'2025-07-04 01:18:33','menu',NULL),(391,64,'2',1,360000.00,'2025-07-04 01:18:33','menu',NULL),(392,64,'51',1,25000.00,'2025-07-04 01:18:33','menu',NULL),(393,64,'72',1,100000.00,'2025-07-04 01:18:33','menu',NULL),(394,64,'12',1,110000.00,'2025-07-04 01:18:33','menu',NULL),(395,64,'1',1,250000.00,'2025-07-04 01:18:33','menu',NULL),(396,64,'44',1,20000.00,'2025-07-04 01:18:33','menu',NULL),(397,65,'67',1,100000.00,'2025-07-04 01:19:04','menu',NULL),(398,65,'12',1,110000.00,'2025-07-04 01:19:04','menu',NULL),(399,65,'5',1,230000.00,'2025-07-04 01:19:04','menu',NULL),(400,65,'42',1,45000.00,'2025-07-04 01:19:04','menu',NULL),(401,66,'29',1,110000.00,'2025-07-04 01:21:43','menu',NULL),(402,66,'12',1,110000.00,'2025-07-04 01:21:43','menu',NULL),(403,66,'5',1,230000.00,'2025-07-04 01:21:43','menu',NULL),(404,66,'51',1,25000.00,'2025-07-04 01:21:43','menu',NULL),(405,67,'29',1,110000.00,'2025-07-04 01:30:20','menu',NULL),(406,67,'10',1,130000.00,'2025-07-04 01:30:20','menu',NULL),(407,67,'4',1,250000.00,'2025-07-04 01:30:20','menu',NULL),(408,67,'45',1,30000.00,'2025-07-04 01:30:20','menu',NULL),(409,68,'72',1,100000.00,'2025-07-04 01:33:12','menu',NULL),(410,68,'4',1,250000.00,'2025-07-04 01:33:12','menu',NULL),(411,68,'91',1,140000.00,'2025-07-04 01:33:12','menu',NULL),(412,68,'50',1,25000.00,'2025-07-04 01:33:12','menu',NULL),(413,69,'76',1,120000.00,'2025-07-04 01:35:22','menu',NULL),(414,69,'91',1,140000.00,'2025-07-04 01:35:22','menu',NULL),(415,69,'87',1,120000.00,'2025-07-04 01:35:22','menu',NULL),(416,69,'93',1,70000.00,'2025-07-04 01:35:22','menu',NULL),(417,70,'64',1,130000.00,'2025-07-04 01:39:19','menu',NULL),(418,70,'10',1,130000.00,'2025-07-04 01:39:19','menu',NULL),(419,70,'4',1,250000.00,'2025-07-04 01:39:19','menu',NULL),(420,70,'50',1,25000.00,'2025-07-04 01:39:19','menu',NULL),(421,71,'64',1,130000.00,'2025-07-04 01:57:01','menu',NULL),(422,71,'91',1,140000.00,'2025-07-04 01:57:01','menu',NULL),(423,71,'10',1,130000.00,'2025-07-04 01:57:01','menu',NULL),(424,71,'50',1,25000.00,'2025-07-04 01:57:01','menu',NULL),(425,72,'61',1,170000.00,'2025-07-04 02:01:53','menu',NULL),(426,72,'11',1,130000.00,'2025-07-04 02:01:53','menu',NULL),(427,72,'1',1,250000.00,'2025-07-04 02:01:53','menu',NULL),(428,72,'51',1,25000.00,'2025-07-04 02:01:53','menu',NULL),(429,73,'77',1,90000.00,'2025-07-04 02:10:47','menu',NULL),(430,73,'2',1,360000.00,'2025-07-04 02:10:47','menu',NULL),(431,73,'87',1,120000.00,'2025-07-04 02:10:47','menu',NULL),(432,73,'44',1,20000.00,'2025-07-04 02:10:47','menu',NULL),(433,74,'61',1,170000.00,'2025-07-04 02:16:38','menu',NULL),(434,74,'91',1,140000.00,'2025-07-04 02:16:38','menu',NULL),(435,74,'11',1,130000.00,'2025-07-04 02:16:38','menu',NULL),(436,74,'50',1,25000.00,'2025-07-04 02:16:38','menu',NULL),(437,75,'61',1,170000.00,'2025-07-04 02:28:59','menu',NULL),(438,75,'86',1,130000.00,'2025-07-04 02:28:59','menu',NULL),(439,75,'63',1,155000.00,'2025-07-04 02:28:59','menu',NULL),(440,75,'49',1,25000.00,'2025-07-04 02:28:59','menu',NULL),(441,76,'76',1,120000.00,'2025-07-04 02:29:41','menu',NULL),(442,76,'86',1,130000.00,'2025-07-04 02:29:41','menu',NULL),(443,76,'11',1,130000.00,'2025-07-04 02:29:41','menu',NULL),(444,76,'49',1,25000.00,'2025-07-04 02:29:41','menu',NULL),(445,77,'76',1,120000.00,'2025-07-04 02:34:26','menu',NULL),(446,77,'86',1,130000.00,'2025-07-04 02:34:26','menu',NULL),(447,77,'63',1,155000.00,'2025-07-04 02:34:26','menu',NULL),(448,77,'93',1,70000.00,'2025-07-04 02:34:26','menu',NULL),(449,78,'54',1,40000.00,'2025-07-04 02:44:42','menu',NULL),(450,78,'9',1,130000.00,'2025-07-04 02:44:42','menu',NULL),(451,78,'4',1,250000.00,'2025-07-04 02:44:42','menu',NULL),(452,78,'49',1,25000.00,'2025-07-04 02:44:42','menu',NULL),(453,79,'1',1,250000.00,'2025-07-07 00:21:30','menu',NULL),(454,79,'54',1,40000.00,'2025-07-07 00:21:30','menu',NULL),(455,79,'87',1,120000.00,'2025-07-07 00:21:30','menu',NULL),(456,79,'9',1,130000.00,'2025-07-07 00:21:30','menu',NULL),(457,79,'46',1,30000.00,'2025-07-07 00:21:30','menu',NULL),(458,79,'54',1,40000.00,'2025-07-07 00:21:30','menu',NULL),(459,79,'87',1,120000.00,'2025-07-07 00:21:30','menu',NULL),(460,79,'9',1,130000.00,'2025-07-07 00:21:30','menu',NULL),(461,79,'46',1,30000.00,'2025-07-07 00:21:30','menu',NULL),(462,79,'76',1,120000.00,'2025-07-07 00:21:30','menu',NULL),(463,79,'9',1,130000.00,'2025-07-07 00:21:30','menu',NULL),(464,79,'86',1,130000.00,'2025-07-07 00:21:30','menu',NULL),(465,79,'42',1,45000.00,'2025-07-07 00:21:30','menu',NULL),(466,79,'61',1,170000.00,'2025-07-07 00:21:30','menu',NULL),(467,79,'5',1,230000.00,'2025-07-07 00:21:30','menu',NULL),(468,79,'91',1,140000.00,'2025-07-07 00:21:30','menu',NULL),(469,79,'51',1,25000.00,'2025-07-07 00:21:30','menu',NULL),(470,80,'72',1,100000.00,'2025-07-07 00:41:03','menu',NULL),(471,80,'2',1,360000.00,'2025-07-07 00:41:03','menu',NULL),(472,80,'11',1,130000.00,'2025-07-07 00:41:03','menu',NULL),(473,80,'46',1,30000.00,'2025-07-07 00:41:03','menu',NULL),(474,81,'29',1,110000.00,'2025-07-07 00:41:43','menu',NULL),(475,81,'2',1,360000.00,'2025-07-07 00:41:43','menu',NULL),(476,81,'86',1,130000.00,'2025-07-07 00:41:43','menu',NULL),(477,81,'49',1,25000.00,'2025-07-07 00:41:43','menu',NULL),(478,81,'54',1,40000.00,'2025-07-07 00:41:43','menu',NULL),(479,81,'2',1,360000.00,'2025-07-07 00:41:43','menu',NULL),(480,81,'87',1,120000.00,'2025-07-07 00:41:43','menu',NULL),(481,81,'51',1,25000.00,'2025-07-07 00:41:43','menu',NULL),(482,81,'30',1,140000.00,'2025-07-07 00:41:43','menu',NULL),(483,81,'91',1,140000.00,'2025-07-07 00:41:43','menu',NULL),(484,81,'1',1,250000.00,'2025-07-07 00:41:43','menu',NULL),(485,81,'46',1,30000.00,'2025-07-07 00:41:43','menu',NULL),(486,81,'29',1,110000.00,'2025-07-07 00:41:43','menu',NULL),(487,81,'2',1,360000.00,'2025-07-07 00:41:43','menu',NULL),(488,81,'86',1,130000.00,'2025-07-07 00:41:43','menu',NULL),(489,81,'49',1,25000.00,'2025-07-07 00:41:43','menu',NULL),(490,81,'54',1,40000.00,'2025-07-07 00:41:43','menu',NULL),(491,81,'2',1,360000.00,'2025-07-07 00:41:43','menu',NULL),(492,81,'87',1,120000.00,'2025-07-07 00:41:43','menu',NULL),(493,81,'51',1,25000.00,'2025-07-07 00:41:43','menu',NULL),(494,81,'30',1,140000.00,'2025-07-07 00:41:43','menu',NULL),(495,81,'91',1,140000.00,'2025-07-07 00:41:43','menu',NULL),(496,81,'1',1,250000.00,'2025-07-07 00:41:43','menu',NULL),(497,81,'46',1,30000.00,'2025-07-07 00:41:43','menu',NULL),(498,82,'77',1,90000.00,'2025-07-07 00:42:06','menu',NULL),(499,82,'86',1,130000.00,'2025-07-07 00:42:06','menu',NULL),(500,82,'10',1,130000.00,'2025-07-07 00:42:06','menu',NULL),(501,82,'44',1,20000.00,'2025-07-07 00:42:06','menu',NULL),(502,83,'72',1,100000.00,'2025-07-07 00:43:01','menu',NULL),(503,83,'10',1,130000.00,'2025-07-07 00:43:01','menu',NULL),(504,83,'11',1,130000.00,'2025-07-07 00:43:01','menu',NULL),(505,83,'51',1,25000.00,'2025-07-07 00:43:01','menu',NULL),(506,83,'72',1,100000.00,'2025-07-07 00:43:01','menu',NULL),(507,83,'4',1,250000.00,'2025-07-07 00:43:01','menu',NULL),(508,83,'9',1,130000.00,'2025-07-07 00:43:01','menu',NULL),(509,83,'51',1,25000.00,'2025-07-07 00:43:01','menu',NULL),(510,84,'30',1,140000.00,'2025-07-07 01:17:34','menu',NULL),(511,84,'87',1,120000.00,'2025-07-07 01:17:34','menu',NULL),(512,84,'2',1,360000.00,'2025-07-07 01:17:34','menu',NULL),(513,84,'93',1,70000.00,'2025-07-07 01:17:34','menu',NULL),(514,84,'72',1,100000.00,'2025-07-07 01:17:34','menu',NULL),(515,84,'5',1,230000.00,'2025-07-07 01:17:34','menu',NULL),(516,84,'12',1,110000.00,'2025-07-07 01:17:34','menu',NULL),(517,84,'93',1,70000.00,'2025-07-07 01:17:34','menu',NULL),(518,84,'67',1,100000.00,'2025-07-07 01:17:34','menu',NULL),(519,84,'1',1,250000.00,'2025-07-07 01:17:34','menu',NULL),(520,84,'5',1,230000.00,'2025-07-07 01:17:34','menu',NULL),(521,84,'51',1,25000.00,'2025-07-07 01:17:34','menu',NULL),(522,84,'77',1,90000.00,'2025-07-07 01:17:34','menu',NULL),(523,84,'11',1,130000.00,'2025-07-07 01:17:34','menu',NULL),(524,84,'91',1,140000.00,'2025-07-07 01:17:34','menu',NULL),(525,84,'50',1,25000.00,'2025-07-07 01:17:34','menu',NULL),(526,84,'30',1,140000.00,'2025-07-07 01:17:34','menu',NULL),(527,84,'11',1,130000.00,'2025-07-07 01:17:34','menu',NULL),(528,84,'91',1,140000.00,'2025-07-07 01:17:34','menu',NULL),(529,84,'44',1,20000.00,'2025-07-07 01:17:34','menu',NULL),(530,84,'76',1,120000.00,'2025-07-07 01:17:34','menu',NULL),(531,84,'4',1,250000.00,'2025-07-07 01:17:34','menu',NULL),(532,84,'91',1,140000.00,'2025-07-07 01:17:34','menu',NULL),(533,84,'42',1,45000.00,'2025-07-07 01:17:34','menu',NULL),(534,84,'76',1,120000.00,'2025-07-07 01:17:34','menu',NULL),(535,84,'63',1,155000.00,'2025-07-07 01:17:34','menu',NULL),(536,84,'11',1,130000.00,'2025-07-07 01:17:34','menu',NULL),(537,84,'49',1,25000.00,'2025-07-07 01:17:34','menu',NULL),(538,84,'64',1,130000.00,'2025-07-07 01:17:34','menu',NULL),(539,84,'5',1,230000.00,'2025-07-07 01:17:34','menu',NULL),(540,84,'86',1,130000.00,'2025-07-07 01:17:34','menu',NULL),(541,84,'42',1,45000.00,'2025-07-07 01:17:34','menu',NULL),(542,84,'29',1,110000.00,'2025-07-07 01:17:34','menu',NULL),(543,84,'1',1,250000.00,'2025-07-07 01:17:34','menu',NULL),(544,84,'12',1,110000.00,'2025-07-07 01:17:34','menu',NULL),(545,84,'46',1,30000.00,'2025-07-07 01:17:34','menu',NULL),(546,85,'76',1,120000.00,'2025-07-07 01:18:03','menu',NULL),(547,85,'2',1,360000.00,'2025-07-07 01:18:03','menu',NULL),(548,85,'5',1,230000.00,'2025-07-07 01:18:03','menu',NULL),(549,85,'49',1,25000.00,'2025-07-07 01:18:03','menu',NULL),(550,86,'72',1,100000.00,'2025-07-07 01:57:05','menu',NULL),(551,86,'1',1,250000.00,'2025-07-07 01:57:05','menu',NULL),(552,86,'91',1,140000.00,'2025-07-07 01:57:05','menu',NULL),(553,86,'44',1,20000.00,'2025-07-07 01:57:05','menu',NULL),(554,87,'29',1,110000.00,'2025-07-07 02:22:02','menu',NULL),(555,87,'2',1,360000.00,'2025-07-07 02:22:02','menu',NULL),(556,87,'87',1,120000.00,'2025-07-07 02:22:02','menu',NULL),(557,87,'42',1,45000.00,'2025-07-07 02:22:02','menu',NULL),(558,94,'54',1,40000.00,'2025-07-07 02:26:50','menu',NULL),(559,94,'87',1,120000.00,'2025-07-07 02:26:50','menu',NULL),(560,94,'11',1,130000.00,'2025-07-07 02:26:50','menu',NULL),(561,94,'51',1,25000.00,'2025-07-07 02:26:50','menu',NULL),(562,98,'29',1,110000.00,'2025-07-07 02:29:44','menu',NULL),(563,98,'2',1,360000.00,'2025-07-07 02:29:44','menu',NULL),(564,98,'11',1,130000.00,'2025-07-07 02:29:44','menu',NULL),(565,98,'49',1,25000.00,'2025-07-07 02:29:44','menu',NULL),(566,99,'76',1,120000.00,'2025-07-07 16:01:10','menu',NULL),(567,99,'9',1,130000.00,'2025-07-07 16:01:10','menu',NULL),(568,99,'10',1,130000.00,'2025-07-07 16:01:10','menu',NULL),(569,99,'42',1,45000.00,'2025-07-07 16:01:10','menu',NULL),(570,100,'68',1,100000.00,'2025-07-08 00:30:35','menu',NULL),(571,100,'4',1,250000.00,'2025-07-08 00:30:35','menu',NULL),(572,100,'10',1,130000.00,'2025-07-08 00:30:35','menu',NULL),(573,100,'46',1,30000.00,'2025-07-08 00:30:35','menu',NULL),(574,100,'68',1,100000.00,'2025-07-08 00:30:35','menu',NULL),(575,100,'4',1,250000.00,'2025-07-08 00:30:35','menu',NULL),(576,100,'10',1,130000.00,'2025-07-08 00:30:35','menu',NULL),(577,100,'46',1,30000.00,'2025-07-08 00:30:35','menu',NULL),(578,101,'1',1,250000.00,'2025-07-08 00:31:24','menu',NULL),(579,101,'2',1,360000.00,'2025-07-08 00:31:24','menu',NULL),(580,102,'2',2,360000.00,'2025-07-08 00:51:30','menu',NULL),(581,103,'1',2,250000.00,'2025-07-08 01:09:16','menu',NULL),(582,103,'1',1,250000.00,'2025-07-08 01:09:16','combo_full','day3'),(583,103,'2',1,360000.00,'2025-07-08 01:09:16','combo_full','day3'),(584,103,'4',1,250000.00,'2025-07-08 01:09:16','combo_single_day','day5_ngay2'),(585,103,'5',1,230000.00,'2025-07-08 01:09:16','combo_single_day','day5_ngay2'),(586,104,'64',1,130000.00,'2025-07-08 01:21:00','combo_full','day1'),(587,104,'91',1,140000.00,'2025-07-08 01:21:00','combo_full','day1'),(588,104,'5',1,230000.00,'2025-07-08 01:21:00','combo_full','day1'),(589,104,'93',1,70000.00,'2025-07-08 01:21:00','combo_full','day1'),(590,105,'72',1,100000.00,'2025-07-08 01:21:31','combo_full','day3'),(591,105,'87',1,120000.00,'2025-07-08 01:21:31','combo_full','day3'),(592,105,'63',1,155000.00,'2025-07-08 01:21:31','combo_full','day3'),(593,105,'46',1,30000.00,'2025-07-08 01:21:31','combo_full','day3'),(594,105,'77',1,90000.00,'2025-07-08 01:21:31','combo_full','day3'),(595,105,'2',1,360000.00,'2025-07-08 01:21:31','combo_full','day3'),(596,105,'86',1,130000.00,'2025-07-08 01:21:31','combo_full','day3'),(597,105,'50',1,25000.00,'2025-07-08 01:21:31','combo_full','day3'),(598,105,'54',1,40000.00,'2025-07-08 01:21:31','combo_full','day3'),(599,105,'10',1,130000.00,'2025-07-08 01:21:31','combo_full','day3'),(600,105,'11',1,130000.00,'2025-07-08 01:21:31','combo_full','day3'),(601,105,'51',1,25000.00,'2025-07-08 01:21:31','combo_full','day3'),(602,106,'67',1,100000.00,'2025-07-08 01:21:59','combo_full','day5'),(603,106,'5',1,230000.00,'2025-07-08 01:21:59','combo_full','day5'),(604,106,'1',1,250000.00,'2025-07-08 01:21:59','combo_full','day5'),(605,106,'51',1,25000.00,'2025-07-08 01:21:59','combo_full','day5'),(606,106,'68',1,100000.00,'2025-07-08 01:21:59','combo_full','day5'),(607,106,'1',1,250000.00,'2025-07-08 01:21:59','combo_full','day5'),(608,106,'9',1,130000.00,'2025-07-08 01:21:59','combo_full','day5'),(609,106,'93',1,70000.00,'2025-07-08 01:21:59','combo_full','day5'),(610,106,'61',1,170000.00,'2025-07-08 01:21:59','combo_full','day5'),(611,106,'12',1,110000.00,'2025-07-08 01:21:59','combo_full','day5'),(612,106,'11',1,130000.00,'2025-07-08 01:21:59','combo_full','day5'),(613,106,'45',1,30000.00,'2025-07-08 01:21:59','combo_full','day5'),(614,106,'54',1,40000.00,'2025-07-08 01:21:59','combo_full','day5'),(615,106,'5',1,230000.00,'2025-07-08 01:21:59','combo_full','day5'),(616,106,'87',1,120000.00,'2025-07-08 01:21:59','combo_full','day5'),(617,106,'44',1,20000.00,'2025-07-08 01:21:59','combo_full','day5'),(618,106,'76',1,120000.00,'2025-07-08 01:21:59','combo_full','day5'),(619,106,'91',1,140000.00,'2025-07-08 01:21:59','combo_full','day5'),(620,106,'4',1,250000.00,'2025-07-08 01:21:59','combo_full','day5'),(621,106,'44',1,20000.00,'2025-07-08 01:21:59','combo_full','day5'),(622,107,'45',1,30000.00,'2025-07-08 08:22:02','menu',NULL),(623,108,'51',1,25000.00,'2025-07-08 08:25:09','menu',NULL),(624,109,'77',1,90000.00,'2025-07-08 08:25:48','combo_full','day1'),(625,109,'10',1,130000.00,'2025-07-08 08:25:48','combo_full','day1'),(626,109,'63',1,155000.00,'2025-07-08 08:25:48','combo_full','day1'),(627,109,'51',1,25000.00,'2025-07-08 08:25:48','combo_full','day1'),(628,110,'1',1,250000.00,'2025-07-08 08:37:32','menu',NULL),(629,111,'68',1,100000.00,'2025-07-08 08:44:06','combo_single_day','single_day_Ngày 1'),(630,111,'12',1,110000.00,'2025-07-08 08:44:06','combo_single_day','single_day_Ngày 1'),(631,111,'91',1,140000.00,'2025-07-08 08:44:06','combo_single_day','single_day_Ngày 1'),(632,111,'46',1,30000.00,'2025-07-08 08:44:06','combo_single_day','single_day_Ngày 1'),(633,112,'64',1,130000.00,'2025-07-08 12:46:01','menu',NULL),(634,112,'1',1,250000.00,'2025-07-08 12:46:01','menu',NULL),(635,112,'5',1,230000.00,'2025-07-08 12:46:01','menu',NULL),(636,112,'42',1,45000.00,'2025-07-08 12:46:01','menu',NULL),(637,113,'1',1,250000.00,'2025-07-08 13:00:14','menu',NULL),(638,114,'61',1,170000.00,'2025-07-08 13:00:35','combo_full','day1'),(639,114,'2',1,360000.00,'2025-07-08 13:00:35','combo_full','day1'),(640,114,'9',1,130000.00,'2025-07-08 13:00:35','combo_full','day1'),(641,114,'45',1,30000.00,'2025-07-08 13:00:35','combo_full','day1'),(642,115,'77',1,90000.00,'2025-07-08 13:03:15','combo_full','day1'),(643,115,'4',1,250000.00,'2025-07-08 13:03:15','combo_full','day1'),(644,115,'5',1,230000.00,'2025-07-08 13:03:15','combo_full','day1'),(645,115,'49',1,25000.00,'2025-07-08 13:03:15','combo_full','day1'),(646,116,'29',1,110000.00,'2025-07-08 13:04:36','combo_full','day1'),(647,116,'87',1,120000.00,'2025-07-08 13:04:36','combo_full','day1'),(648,116,'4',1,250000.00,'2025-07-08 13:04:36','combo_full','day1'),(649,116,'45',1,30000.00,'2025-07-08 13:04:36','combo_full','day1'),(650,116,'29',1,110000.00,'2025-07-08 13:04:36','combo_full','day1'),(651,116,'87',1,120000.00,'2025-07-08 13:04:36','combo_full','day1'),(652,116,'4',1,250000.00,'2025-07-08 13:04:36','combo_full','day1'),(653,116,'45',1,30000.00,'2025-07-08 13:04:36','combo_full','day1'),(654,117,'61',1,170000.00,'2025-07-08 13:05:27','combo_single_day','single_day_Ngày 1'),(655,117,'5',1,230000.00,'2025-07-08 13:05:27','combo_single_day','single_day_Ngày 1'),(656,117,'11',1,130000.00,'2025-07-08 13:05:27','combo_single_day','single_day_Ngày 1'),(657,117,'45',1,30000.00,'2025-07-08 13:05:27','combo_single_day','single_day_Ngày 1'),(658,118,'30',1,140000.00,'2025-07-08 13:11:22','combo_single_day','single_day_Ngày 1'),(659,118,'2',1,360000.00,'2025-07-08 13:11:22','combo_single_day','single_day_Ngày 1'),(660,118,'91',1,140000.00,'2025-07-08 13:11:22','combo_single_day','single_day_Ngày 1'),(661,118,'44',1,20000.00,'2025-07-08 13:11:22','combo_single_day','single_day_Ngày 1'),(662,119,'64',1,130000.00,'2025-07-08 13:11:49','combo_single_day','single_day_Ngày 1'),(663,119,'11',1,130000.00,'2025-07-08 13:11:49','combo_single_day','single_day_Ngày 1'),(664,119,'63',1,155000.00,'2025-07-08 13:11:49','combo_single_day','single_day_Ngày 1'),(665,119,'93',1,70000.00,'2025-07-08 13:11:49','combo_single_day','single_day_Ngày 1'),(666,120,'29',1,110000.00,'2025-07-08 13:19:14','combo_single_day','single_day_Ngày 1'),(667,120,'4',1,250000.00,'2025-07-08 13:19:14','combo_single_day','single_day_Ngày 1'),(668,120,'63',1,155000.00,'2025-07-08 13:19:14','combo_single_day','single_day_Ngày 1'),(669,120,'42',1,45000.00,'2025-07-08 13:19:14','combo_single_day','single_day_Ngày 1'),(670,121,'61',1,170000.00,'2025-07-08 13:19:35','combo_single_day','single_day_Ngày 1'),(671,121,'9',1,130000.00,'2025-07-08 13:19:35','combo_single_day','single_day_Ngày 1'),(672,121,'87',1,120000.00,'2025-07-08 13:19:35','combo_single_day','single_day_Ngày 1'),(673,121,'44',1,20000.00,'2025-07-08 13:19:35','combo_single_day','single_day_Ngày 1'),(674,122,'67',1,100000.00,'2025-07-08 13:33:02','combo_full','day1'),(675,122,'2',1,360000.00,'2025-07-08 13:33:02','combo_full','day1'),(676,122,'12',1,110000.00,'2025-07-08 13:33:02','combo_full','day1'),(677,122,'50',1,25000.00,'2025-07-08 13:33:02','combo_full','day1'),(678,123,'1',1,250000.00,'2025-07-09 06:52:17','menu',NULL),(679,124,'68',1,100000.00,'2025-07-11 02:22:04','combo_single_day','single_day_Ngày 1'),(680,124,'5',1,230000.00,'2025-07-11 02:22:04','combo_single_day','single_day_Ngày 1'),(681,124,'63',1,155000.00,'2025-07-11 02:22:04','combo_single_day','single_day_Ngày 1'),(682,124,'46',1,30000.00,'2025-07-11 02:22:04','combo_single_day','single_day_Ngày 1'),(683,124,'68',1,100000.00,'2025-07-11 02:22:04','combo_full','day5'),(684,124,'5',1,230000.00,'2025-07-11 02:22:04','combo_full','day5'),(685,124,'63',1,155000.00,'2025-07-11 02:22:04','combo_full','day5'),(686,124,'46',1,30000.00,'2025-07-11 02:22:04','combo_full','day5'),(687,124,'64',1,130000.00,'2025-07-11 02:22:04','combo_full','day5'),(688,124,'12',1,110000.00,'2025-07-11 02:22:04','combo_full','day5'),(689,124,'86',1,130000.00,'2025-07-11 02:22:04','combo_full','day5'),(690,124,'49',1,25000.00,'2025-07-11 02:22:04','combo_full','day5'),(691,124,'61',1,170000.00,'2025-07-11 02:22:04','combo_full','day5'),(692,124,'87',1,120000.00,'2025-07-11 02:22:04','combo_full','day5'),(693,124,'4',1,250000.00,'2025-07-11 02:22:04','combo_full','day5'),(694,124,'44',1,20000.00,'2025-07-11 02:22:04','combo_full','day5'),(695,124,'76',1,120000.00,'2025-07-11 02:22:04','combo_full','day5'),(696,124,'91',1,140000.00,'2025-07-11 02:22:04','combo_full','day5'),(697,124,'86',1,130000.00,'2025-07-11 02:22:04','combo_full','day5'),(698,124,'49',1,25000.00,'2025-07-11 02:22:04','combo_full','day5'),(699,124,'54',1,40000.00,'2025-07-11 02:22:04','combo_full','day5'),(700,124,'12',1,110000.00,'2025-07-11 02:22:04','combo_full','day5'),(701,124,'4',1,250000.00,'2025-07-11 02:22:04','combo_full','day5'),(702,124,'93',1,70000.00,'2025-07-11 02:22:04','combo_full','day5'),(703,125,'77',1,90000.00,'2025-07-11 02:25:23','combo_full','day1'),(704,125,'1',1,250000.00,'2025-07-11 02:25:23','combo_full','day1'),(705,125,'2',1,360000.00,'2025-07-11 02:25:23','combo_full','day1'),(706,125,'49',1,25000.00,'2025-07-11 02:25:23','combo_full','day1'),(707,125,'68',1,100000.00,'2025-07-11 02:25:23','combo_full','day3'),(708,125,'9',1,130000.00,'2025-07-11 02:25:23','combo_full','day3'),(709,125,'12',1,110000.00,'2025-07-11 02:25:23','combo_full','day3'),(710,125,'51',1,25000.00,'2025-07-11 02:25:23','combo_full','day3'),(711,125,'54',1,40000.00,'2025-07-11 02:25:23','combo_full','day3'),(712,125,'63',1,155000.00,'2025-07-11 02:25:23','combo_full','day3'),(713,125,'91',1,140000.00,'2025-07-11 02:25:23','combo_full','day3'),(714,125,'51',1,25000.00,'2025-07-11 02:25:23','combo_full','day3'),(715,125,'29',1,110000.00,'2025-07-11 02:25:23','combo_full','day3'),(716,125,'5',1,230000.00,'2025-07-11 02:25:23','combo_full','day3'),(717,125,'11',1,130000.00,'2025-07-11 02:25:23','combo_full','day3'),(718,125,'44',1,20000.00,'2025-07-11 02:25:23','combo_full','day3'),(719,125,'54',1,40000.00,'2025-07-11 02:25:23','combo_full','day5'),(720,125,'12',1,110000.00,'2025-07-11 02:25:23','combo_full','day5'),(721,125,'4',1,250000.00,'2025-07-11 02:25:23','combo_full','day5'),(722,125,'50',1,25000.00,'2025-07-11 02:25:23','combo_full','day5'),(723,125,'68',1,100000.00,'2025-07-11 02:25:23','combo_full','day5'),(724,125,'10',1,130000.00,'2025-07-11 02:25:23','combo_full','day5'),(725,125,'2',1,360000.00,'2025-07-11 02:25:23','combo_full','day5'),(726,125,'42',1,45000.00,'2025-07-11 02:25:23','combo_full','day5'),(727,125,'77',1,90000.00,'2025-07-11 02:25:23','combo_full','day5'),(728,125,'4',1,250000.00,'2025-07-11 02:25:23','combo_full','day5'),(729,125,'1',1,250000.00,'2025-07-11 02:25:23','combo_full','day5'),(730,125,'51',1,25000.00,'2025-07-11 02:25:23','combo_full','day5'),(731,125,'30',1,140000.00,'2025-07-11 02:25:23','combo_full','day5'),(732,125,'11',1,130000.00,'2025-07-11 02:25:23','combo_full','day5'),(733,125,'5',1,230000.00,'2025-07-11 02:25:23','combo_full','day5'),(734,125,'44',1,20000.00,'2025-07-11 02:25:23','combo_full','day5'),(735,125,'61',1,170000.00,'2025-07-11 02:25:23','combo_full','day5'),(736,125,'86',1,130000.00,'2025-07-11 02:25:23','combo_full','day5'),(737,125,'11',1,130000.00,'2025-07-11 02:25:23','combo_full','day5'),(738,125,'93',1,70000.00,'2025-07-11 02:25:23','combo_full','day5'),(739,126,'77',1,90000.00,'2025-07-14 00:03:00','combo_full','day1'),(740,126,'4',1,250000.00,'2025-07-14 00:03:00','combo_full','day1'),(741,126,'9',1,130000.00,'2025-07-14 00:03:00','combo_full','day1'),(742,126,'45',1,30000.00,'2025-07-14 00:03:00','combo_full','day1');
/*!40000 ALTER TABLE `chitiethoadon` ENABLE KEYS */;
UNLOCK TABLES;

--
-- Table structure for table `combo_cart`
--

DROP TABLE IF EXISTS `combo_cart`;
/*!40101 SET @saved_cs_client     = @@character_set_client */;
/*!50503 SET character_set_client = utf8mb4 */;
CREATE TABLE `combo_cart` (
  `id` int(11) NOT NULL AUTO_INCREMENT,
  `makh` varchar(50) NOT NULL,
  `combo_id` varchar(100) NOT NULL,
  `combo_type` varchar(20) NOT NULL,
  `combo_name` varchar(255) NOT NULL,
  `total_price` decimal(10,2) NOT NULL,
  `combo_image` varchar(500) DEFAULT NULL,
  `created_at` timestamp NOT NULL DEFAULT current_timestamp(),
  `purchase_type` varchar(20) DEFAULT 'single_day',
  `day_name` varchar(100) DEFAULT NULL,
  `day_index` int(11) DEFAULT 0,
  PRIMARY KEY (`id`),
  KEY `idx_makh` (`makh`),
  KEY `idx_combo_id` (`combo_id`),
  CONSTRAINT `combo_cart_ibfk_1` FOREIGN KEY (`makh`) REFERENCES `khachhang` (`Makh`) ON DELETE CASCADE
) ENGINE=InnoDB AUTO_INCREMENT=129 DEFAULT CHARSET=utf8mb4 COLLATE=utf8mb4_general_ci;
/*!40101 SET character_set_client = @saved_cs_client */;

--
-- Dumping data for table `combo_cart`
--

LOCK TABLES `combo_cart` WRITE;
/*!40000 ALTER TABLE `combo_cart` DISABLE KEYS */;
INSERT INTO `combo_cart` VALUES (1,'KH02062025_016','combo_day3_1751530174_8840','day3','Combo Ngày 2',430000.00,'/CoSo/assets/img/avt/combo.jpg','2025-07-03 08:09:34','single_day',NULL,0),(2,'KH02062025_016','combo_day3_1751530178_7472','day3','Combo Ngày 3',425000.00,'/CoSo/assets/img/avt/combo.jpg','2025-07-03 08:09:38','single_day',NULL,0),(3,'KH02062025_016','combo_single_day_1751530624_5745','single_day','Combo Ngày 1',410000.00,'/CoSo/assets/img/avt/combo.jpg','2025-07-03 08:17:04','single_day',NULL,0),(4,'KH02062025_016','combo_day1_1751531017_5974','day1','Combo 1 Ngày',685000.00,'/CoSo/assets/img/avt/combo2.jpg','2025-07-03 08:23:37','single_day',NULL,0),(5,'KH02062025_016','combo_single_day_1751531731_3919','single_day','Combo Ngày 1',355000.00,'/CoSo/assets/img/avt/combo.jpg','2025-07-03 08:35:31','single_day',NULL,0),(6,'KH02062025_016','combo_single_day_1751531929_9034','single_day','Combo Ngày 1',355000.00,'/CoSo/assets/img/avt/combo.jpg','2025-07-03 08:38:49','single_day',NULL,0),(7,'KH02062025_016','combo_day5_1751531939_8432','day5','Combo 5 Ngày',2275000.00,'/CoSo/assets/img/avt/combo2.jpg','2025-07-03 08:38:59','single_day',NULL,0),(8,'KH02062025_016','combo_day1_1751589414_4258','day1','Combo 1 Ngày',525000.00,'/CoSo/assets/img/avt/combo2.jpg','2025-07-04 00:36:54','single_day',NULL,0),(9,'KH02062025_016','combo_single_day_1751589419_5383','single_day','Combo Ngày 1',545000.00,'/CoSo/assets/img/avt/combo.jpg','2025-07-04 00:36:59','single_day',NULL,0),(10,'KH02062025_016','combo_single_day_1751589774_5084','single_day','Combo Ngày 3',390000.00,'/CoSo/assets/img/avt/combo.jpg','2025-07-04 00:42:54','single_day',NULL,0),(11,'KH02062025_016','combo_day3_1751589828_9541','day3','Combo 3 Ngày',1855000.00,'/CoSo/assets/img/avt/combo2.jpg','2025-07-04 00:43:48','single_day',NULL,0),(12,'KH02062025_016','combo_day5_1751589837_3946','day5','Combo 5 Ngày',2155000.00,'/CoSo/assets/img/avt/combo2.jpg','2025-07-04 00:43:57','single_day',NULL,0),(13,'KH02062025_016','combo_single_day_1751590119_6161','single_day','Combo Ngày 1',430000.00,'/CoSo/assets/img/avt/combo.jpg','2025-07-04 00:48:39','single_day',NULL,0),(14,'KH02062025_016','combo_day1_1751590528_7390','day1','Combo 1 Ngày',690000.00,'/CoSo/assets/img/avt/combo2.jpg','2025-07-04 00:55:28','single_day',NULL,0),(15,'KH02062025_016','combo_single_day_1751590554_1567','single_day','Combo Ngày 1',475000.00,'/CoSo/assets/img/avt/combo.jpg','2025-07-04 00:55:54','single_day',NULL,0),(16,'KH02062025_016','combo_day3_1751590565_2126','day3','Combo 3 Ngày',1395000.00,'/CoSo/assets/img/avt/combo2.jpg','2025-07-04 00:56:05','single_day',NULL,0),(17,'KH02062025_016','combo_single_day_1751590609_9073','single_day','Combo Ngày 1',350000.00,'/CoSo/assets/img/avt/combo.jpg','2025-07-04 00:56:49','single_day',NULL,0),(18,'KH02062025_016','combo_single_day_1751590650_5525','single_day','Combo Ngày 1',470000.00,'/CoSo/assets/img/avt/combo.jpg','2025-07-04 00:57:30','single_day',NULL,0),(19,'KH02062025_016','combo_day3_1751590716_7417','day3','Combo 3 Ngày',1530000.00,'/CoSo/assets/img/avt/combo2.jpg','2025-07-04 00:58:36','single_day',NULL,0),(20,'KH02062025_016','combo_day3_1751590744_4238','day3','Combo 3 Ngày',1840000.00,'/CoSo/assets/img/avt/combo2.jpg','2025-07-04 00:59:04','single_day',NULL,0),(21,'KH02062025_016','combo_day3_1751591082_3525','day3','Combo 3 Ngày',1920000.00,'/CoSo/assets/img/avt/combo2.jpg','2025-07-04 01:04:42','single_day',NULL,0),(22,'KH02062025_016','combo_day5_1751591087_9962','day5','Combo 5 Ngày',2885000.00,'/CoSo/assets/img/avt/combo2.jpg','2025-07-04 01:04:47','single_day',NULL,0),(23,'KH02062025_016','combo_day3_1751591121_8483','day3','Combo 3 Ngày',1380000.00,'/CoSo/assets/img/avt/combo2.jpg','2025-07-04 01:05:21','single_day',NULL,0),(24,'KH02062025_016','combo_single_day_1751591125_7343','single_day','Combo Ngày 1',410000.00,'/CoSo/assets/img/avt/combo.jpg','2025-07-04 01:05:25','single_day',NULL,0),(25,'KH02062025_016','combo_day1_1751591347_9473','day1','Combo 1 Ngày',635000.00,'/CoSo/assets/img/avt/combo2.jpg','2025-07-04 01:09:07','single_day',NULL,0),(26,'KH02062025_016','combo_day1_1751591513_1240','day1','Combo 1 Ngày',480000.00,'/CoSo/assets/img/avt/combo2.jpg','2025-07-04 01:11:53','single_day',NULL,0),(27,'KH02062025_016','combo_day1_1751591725_1075','day1','Combo 1 Ngày',455000.00,'/CoSo/assets/img/avt/combo2.jpg','2025-07-04 01:15:25','single_day',NULL,0),(28,'KH02062025_016','combo_day1_1751591772_7283','day1','Combo 1 Ngày',540000.00,'/CoSo/assets/img/avt/combo2.jpg','2025-07-04 01:16:12','single_day',NULL,0),(29,'KH02062025_016','combo_day1_1751591869_3871','day1','Combo 1 Ngày',625000.00,'/CoSo/assets/img/avt/combo2.jpg','2025-07-04 01:17:49','single_day',NULL,0),(30,'KH02062025_016','combo_day3_1751591872_8146','day3','Combo 3 Ngày',1435000.00,'/CoSo/assets/img/avt/combo2.jpg','2025-07-04 01:17:52','single_day',NULL,0),(31,'KH02062025_016','combo_day3_1751591900_1672','day3','Combo 3 Ngày',1470000.00,'/CoSo/assets/img/avt/combo2.jpg','2025-07-04 01:18:20','single_day',NULL,0),(32,'KH02062025_016','combo_day5_1751591906_4744','day5','Combo 5 Ngày',2535000.00,'/CoSo/assets/img/avt/combo2.jpg','2025-07-04 01:18:26','single_day',NULL,0),(33,'KH02062025_016','combo_day3_1751591931_4953','day3','Combo 3 Ngày',1710000.00,'/CoSo/assets/img/avt/combo2.jpg','2025-07-04 01:18:51','single_day',NULL,0),(34,'KH02062025_016','combo_single_day_1751591935_2925','single_day','Combo Ngày 1',485000.00,'/CoSo/assets/img/avt/combo.jpg','2025-07-04 01:18:55','single_day',NULL,0),(35,'KH02062025_016','combo_single_day_1751592098_7614','single_day','Combo Ngày 1',475000.00,'/CoSo/assets/img/avt/combo.jpg','2025-07-04 01:21:38','single_day',NULL,0),(36,'KH02062025_016','combo_single_day_1751592614_3073','single_day','Combo Ngày 1',520000.00,'/CoSo/assets/img/avt/combo.jpg','2025-07-04 01:30:14','single_day',NULL,0),(37,'KH02062025_016','combo_single_day_1751592787_3979','single_day','Combo Ngày 1',515000.00,'/CoSo/assets/img/avt/combo.jpg','2025-07-04 01:33:07','single_day',NULL,0),(38,'KH02062025_016','combo_single_day_1751592916_8680','single_day','Combo Ngày 1',450000.00,'/CoSo/assets/img/avt/combo.jpg','2025-07-04 01:35:16','single_day',NULL,0),(39,'KH02062025_016','combo_single_day_1751593152_1365','single_day','Combo Ngày 1',535000.00,'/CoSo/assets/img/avt/combo.jpg','2025-07-04 01:39:12','single_day',NULL,0),(40,'KH02062025_016','combo_single_day_1751594213_9891','single_day','Combo Ngày 2',425000.00,'/CoSo/assets/img/avt/combo.jpg','2025-07-04 01:56:53','single_day',NULL,0),(44,'KH02062025_016','combo_single_day_1751596132_3579','single_day','Combo Ngày 2',480000.00,'/CoSo/assets/img/avt/combo.jpg','2025-07-04 02:28:52','single_day',NULL,0),(45,'KH02062025_016','combo_single_day_1751596174_3759','single_day','Combo Ngày 1',405000.00,'/CoSo/assets/img/avt/combo.jpg','2025-07-04 02:29:34','single_day',NULL,0),(46,'KH02062025_016','combo_single_day_1751596460_9258','single_day','Combo Ngày 1',475000.00,'/CoSo/assets/img/avt/combo.jpg','2025-07-04 02:34:20','single_day',NULL,0),(47,'KH02062025_016','combo_single_day_1751597076_6439','single_day','Combo Ngày 1',445000.00,'/CoSo/assets/img/avt/combo.jpg','2025-07-04 02:44:36','single_day',NULL,0),(48,'KH02062025_016','combo_single_day_1751847682_4227','single_day','Combo Ngày 1',320000.00,'/CoSo/assets/img/avt/combo.jpg','2025-07-07 00:21:22','single_day',NULL,0),(49,'KH02062025_016','combo_day3_1751847684_7715','day3','Combo 3 Ngày',1310000.00,'/CoSo/assets/img/avt/combo2.jpg','2025-07-07 00:21:24','single_day',NULL,0),(51,'KH02062025_016','combo_day1_full_combo_1751848858_3928','day1','Combo 1 Ngày',620000.00,'/CoSo/assets/img/avt/combo2.jpg','2025-07-07 00:40:58','full_combo','',0),(52,'KH02062025_016','combo_day3_full_combo_1751848891_2638','day3','Combo 3 Ngày',1730000.00,'/CoSo/assets/img/avt/combo2.jpg','2025-07-07 00:41:31','full_combo','',0),(53,'KH02062025_016','combo_day3_full_combo_1751848893_9808','day3','Combo 3 Ngày',1730000.00,'/CoSo/assets/img/avt/combo2.jpg','2025-07-07 00:41:33','full_combo','',0),(54,'KH02062025_016','combo_single_day_single_day_1751848921_1326','single_day','Combo Ngày 3',370000.00,'/CoSo/assets/img/avt/combo.jpg','2025-07-07 00:42:01','single_day','Ngày 3',2),(55,'KH02062025_016','combo_single_day_single_day_1751848969_6214','single_day','Combo Ngày 1',385000.00,'/CoSo/assets/img/avt/combo.jpg','2025-07-07 00:42:49','single_day','Ngày 1',0),(56,'KH02062025_016','combo_single_day_single_day_1751848974_8050','single_day','Combo Ngày 2',505000.00,'/CoSo/assets/img/avt/combo.jpg','2025-07-07 00:42:54','single_day','Ngày 2',1),(58,'KH02062025_016','combo_day1_full_combo_1751851033_8621','day1','Combo 1 Ngày',690000.00,'/CoSo/assets/img/avt/combo2.jpg','2025-07-07 01:17:13','full_combo','',0),(59,'KH02062025_016','combo_day3_full_combo_1751851037_2910','day3','Combo 3 Ngày',1500000.00,'/CoSo/assets/img/avt/combo2.jpg','2025-07-07 01:17:17','full_combo','',0),(60,'KH02062025_016','combo_day5_full_combo_1751851042_7321','day5','Combo 5 Ngày',2450000.00,'/CoSo/assets/img/avt/combo2.jpg','2025-07-07 01:17:22','full_combo','',0),(61,'KH02062025_016','combo_single_day_single_day_1751851078_1807','single_day','Combo Ngày 3',735000.00,'/CoSo/assets/img/avt/combo.jpg','2025-07-07 01:17:58','single_day','Ngày 3',2),(63,'KH02062025_016','combo_single_day_single_day_1751853418_8415','single_day','Combo Ngày 1',510000.00,'/CoSo/assets/img/avt/combo.jpg','2025-07-07 01:56:58','single_day','Ngày 1',0),(64,'KH02062025_016','combo_single_day_single_day_1751854915_4264','single_day','Combo Ngày 3',635000.00,'/CoSo/assets/img/avt/combo.jpg','2025-07-07 02:21:55','single_day','Ngày 3',2),(65,'KH02062025_016','combo_single_day_single_day_1751855203_7750','single_day','Combo Ngày 2',315000.00,'/CoSo/assets/img/avt/combo.jpg','2025-07-07 02:26:43','single_day','Ngày 2',1),(66,'KH02062025_016','combo_single_day_1751855379_9717','single_day','Combo Ngày 1',625000.00,'/CoSo/assets/img/avt/combo.jpg','2025-07-07 02:29:39','single_day',NULL,0),(67,'KH02062025_016','combo_day1_1751904045_9070','day1','Combo 1 Ngày',425000.00,'/CoSo/assets/img/avt/combo2.jpg','2025-07-07 16:00:45','single_day',NULL,0),(72,'KH02062025_016','combo_day1_1751934583_1341','day1','Combo 1 Ngày',510000.00,'/CoSo/assets/img/avt/combo2.jpg','2025-07-08 00:29:43','single_day',NULL,0),(73,'KH02062025_016','combo_day1_1751934629_6190','day1','Combo 1 Ngày',510000.00,'/CoSo/assets/img/avt/combo2.jpg','2025-07-08 00:30:29','single_day',NULL,0),(74,'KH02062025_016','combo_day1_1751937655_3745','day1','Combo 1 Ngày',570000.00,'/CoSo/assets/img/avt/combo2.jpg','2025-07-08 01:20:55','single_day',NULL,0),(75,'KH02062025_016','combo_day3_1751937681_4125','day3','Combo 3 Ngày',1335000.00,'/CoSo/assets/img/avt/combo2.jpg','2025-07-08 01:21:21','single_day',NULL,0),(76,'KH02062025_016','combo_day5_1751937714_3269','day5','Combo 5 Ngày',2535000.00,'/CoSo/assets/img/avt/combo2.jpg','2025-07-08 01:21:54','single_day',NULL,0),(77,'KH02062025_016','combo_day1_1751963142_2338','day1','Combo 1 Ngày',400000.00,'/CoSo/assets/img/avt/combo2.jpg','2025-07-08 08:25:42','single_day',NULL,0),(78,'KH02062025_016','combo_day1_1751963210_1478','day1','Combo 1 Ngày',400000.00,'/CoSo/assets/img/avt/combo2.jpg','2025-07-08 08:26:50','single_day',NULL,0),(79,'KH02062025_016','combo_day1_1751963212_1645','day1','Combo 1 Ngày',400000.00,'/CoSo/assets/img/avt/combo2.jpg','2025-07-08 08:26:52','single_day',NULL,0),(80,'KH02062025_016','combo_day1_1751963226_2405','day1','Combo 1 Ngày',400000.00,'/CoSo/assets/img/avt/combo2.jpg','2025-07-08 08:27:06','single_day',NULL,0),(81,'KH02062025_016','combo_day1_1751963237_5191','day1','Combo 1 Ngày',380000.00,'/CoSo/assets/img/avt/combo2.jpg','2025-07-08 08:27:17','single_day',NULL,0),(82,'KH02062025_016','combo_day1_1751963375_9007','day1','Combo 1 Ngày',490000.00,'/CoSo/assets/img/avt/combo2.jpg','2025-07-08 08:29:35','single_day',NULL,0),(83,'KH02062025_016','combo_day1_1751963461_9690','day1','Combo 1 Ngày',485000.00,'/CoSo/assets/img/avt/combo2.jpg','2025-07-08 08:31:01','single_day',NULL,0),(84,'KH02062025_016','combo_single_day_1751963464_8806','single_day','Combo Ngày 1',445000.00,'/CoSo/assets/img/avt/combo.jpg','2025-07-08 08:31:04','single_day',NULL,0),(85,'KH02062025_016','combo_day5_1751963907_7571','day5','Combo 5 Ngày',2135000.00,'/CoSo/assets/img/avt/combo2.jpg','2025-07-08 08:38:27','single_day',NULL,0),(86,'KH02062025_016','combo_day1_1751963925_2502','day1','Combo 1 Ngày',530000.00,'/CoSo/assets/img/avt/combo2.jpg','2025-07-08 08:38:45','single_day',NULL,0),(87,'KH02062025_016','combo_single_day_1751964238_7828','single_day','Combo Ngày 1',380000.00,'/CoSo/assets/img/avt/combo.jpg','2025-07-08 08:43:58','single_day',NULL,0),(88,'KH02062025_016','combo_single_day_single_day_1751978751_5090','single_day','Combo Ngày 1',655000.00,'/CoSo/assets/img/avt/combo.jpg','2025-07-08 12:45:51','single_day',NULL,0),(89,'KH02062025_016','combo_day1_1751979625_7964','day1','Combo 1 Ngày',690000.00,'/CoSo/assets/img/avt/combo2.jpg','2025-07-08 13:00:25','single_day',NULL,0),(90,'KH02062025_016','combo_day1_1751979785_8004','day1','Combo 1 Ngày',595000.00,'/CoSo/assets/img/avt/combo2.jpg','2025-07-08 13:03:05','single_day',NULL,0),(91,'KH02062025_016','combo_day1_1751979851_2501','day1','Combo 1 Ngày',510000.00,'/CoSo/assets/img/avt/combo2.jpg','2025-07-08 13:04:11','single_day',NULL,0),(92,'KH02062025_016','combo_day1_1751979853_8567','day1','Combo 1 Ngày',510000.00,'/CoSo/assets/img/avt/combo2.jpg','2025-07-08 13:04:13','single_day',NULL,0),(93,'KH02062025_016','combo_single_day_1751979920_4138','single_day','Combo Ngày 1',560000.00,'/CoSo/assets/img/avt/combo.jpg','2025-07-08 13:05:20','single_day',NULL,0),(94,'KH02062025_016','combo_single_day_1751980272_8552','single_day','Combo Ngày 1',660000.00,'/CoSo/assets/img/avt/combo.jpg','2025-07-08 13:11:12','single_day',NULL,0),(95,'KH02062025_016','combo_single_day_1751980301_2882','single_day','Combo Ngày 1',485000.00,'/CoSo/assets/img/avt/combo.jpg','2025-07-08 13:11:41','single_day',NULL,0),(96,'KH02062025_016','combo_single_day_1751980325_2539','single_day','Combo Ngày 1',435000.00,'/CoSo/assets/img/avt/combo.jpg','2025-07-08 13:12:05','single_day',NULL,0),(97,'KH02062025_016','combo_single_day_1751980341_4356','single_day','Combo Ngày 1',500000.00,'/CoSo/assets/img/avt/combo.jpg','2025-07-08 13:12:21','single_day',NULL,0),(98,'KH02062025_016','combo_single_day_1751980368_3634','single_day','Combo Ngày 1',655000.00,'/CoSo/assets/img/avt/combo.jpg','2025-07-08 13:12:48','single_day',NULL,0),(99,'KH02062025_016','combo_single_day_1751980374_3697','single_day','Combo Ngày 2',470000.00,'/CoSo/assets/img/avt/combo.jpg','2025-07-08 13:12:54','single_day',NULL,0),(100,'KH02062025_016','combo_single_day_1751980399_5926','single_day','Combo Ngày 1',560000.00,'/CoSo/assets/img/avt/combo.jpg','2025-07-08 13:13:19','single_day',NULL,0),(101,'KH02062025_016','combo_single_day_1751980403_9520','single_day','Combo Ngày 2',400000.00,'/CoSo/assets/img/avt/combo.jpg','2025-07-08 13:13:23','single_day',NULL,0),(102,'KH02062025_016','combo_single_day_1751980410_5207','single_day','Combo Ngày 1',560000.00,'/CoSo/assets/img/avt/combo.jpg','2025-07-08 13:13:30','single_day',NULL,0),(103,'KH02062025_016','combo_single_day_1751980744_5650','single_day','Combo Ngày 1',560000.00,'/CoSo/assets/img/avt/combo.jpg','2025-07-08 13:19:04','single_day',NULL,0),(104,'KH02062025_016','combo_single_day_1751980768_7471','single_day','Combo Ngày 1',440000.00,'/CoSo/assets/img/avt/combo.jpg','2025-07-08 13:19:28','single_day',NULL,0),(105,'KH02062025_016','combo_single_day_1751980795_3472','single_day','Combo Ngày 1',380000.00,'/CoSo/assets/img/avt/combo.jpg','2025-07-08 13:19:55','single_day',NULL,0),(106,'KH02062025_016','combo_single_day_1751980801_9073','single_day','Combo Ngày 1',380000.00,'/CoSo/assets/img/avt/combo.jpg','2025-07-08 13:20:01','single_day',NULL,0),(107,'KH02062025_016','combo_single_day_1751980820_7945','single_day','Combo Ngày 1',775000.00,'/CoSo/assets/img/avt/combo.jpg','2025-07-08 13:20:20','single_day',NULL,0),(108,'KH02062025_016','combo_single_day_1751980833_5424','single_day','Combo Ngày 1',370000.00,'/CoSo/assets/img/avt/combo.jpg','2025-07-08 13:20:33','single_day',NULL,0),(109,'KH02062025_016','combo_single_day_1751980838_6461','single_day','Combo Ngày 1',505000.00,'/CoSo/assets/img/avt/combo.jpg','2025-07-08 13:20:38','single_day',NULL,0),(110,'KH02062025_016','combo_single_day_1751980897_3745','single_day','Combo Ngày 1',430000.00,'/CoSo/assets/img/avt/combo.jpg','2025-07-08 13:21:37','single_day',NULL,0),(111,'KH02062025_016','combo_single_day_1751980990_5201','single_day','Combo Ngày 1',420000.00,'/CoSo/assets/img/avt/combo.jpg','2025-07-08 13:23:10','single_day',NULL,0),(112,'KH02062025_016','combo_single_day_1751980994_7727','single_day','Combo Ngày 2',730000.00,'/CoSo/assets/img/avt/combo.jpg','2025-07-08 13:23:14','single_day',NULL,0),(113,'KH02062025_016','combo_single_day_1751981007_2229','single_day','Combo Ngày 3',445000.00,'/CoSo/assets/img/avt/combo.jpg','2025-07-08 13:23:27','single_day',NULL,0),(114,'KH02062025_016','combo_single_day_1751981015_7920','single_day','Combo Ngày 1',420000.00,'/CoSo/assets/img/avt/combo.jpg','2025-07-08 13:23:35','single_day',NULL,0),(115,'KH02062025_016','combo_day1_1751981575_3185','day1','Combo 1 Ngày',595000.00,'/CoSo/assets/img/avt/combo2.jpg','2025-07-08 13:32:55','single_day',NULL,0),(116,'KH02062025_016','combo_day1_1752023533_3167','day1','Combo 1 Ngày',635000.00,'/CoSo/assets/img/avt/combo2.jpg','2025-07-09 01:12:13','single_day',NULL,0),(117,'KH02062025_016','combo_single_day_1752023537_3121','single_day','Combo Ngày 1',400000.00,'/CoSo/assets/img/avt/combo.jpg','2025-07-09 01:12:17','single_day',NULL,0),(118,'KH02062025_016','combo_single_day_1752023541_8312','single_day','Combo Ngày 2',495000.00,'/CoSo/assets/img/avt/combo.jpg','2025-07-09 01:12:21','single_day',NULL,0),(119,'KH02062025_016','combo_single_day_1752024018_5993','single_day','Combo Ngày 1',500000.00,'/CoSo/assets/img/avt/combo.jpg','2025-07-09 01:20:18','single_day',NULL,0),(120,'KH02062025_016','combo_single_day_1752024043_6490','single_day','Combo Ngày 1',420000.00,'/CoSo/assets/img/avt/combo.jpg','2025-07-09 01:20:43','single_day',NULL,0),(121,'KH02062025_016','combo_day1_1752138998_1496','day1','Combo 1 Ngày',620000.00,'/CoSo/assets/img/avt/combo2.jpg','2025-07-10 09:16:38','single_day',NULL,0),(122,'KH02062025_016','combo_day1_1752140034_4040','day1','Combo 1 Ngày',570000.00,'/CoSo/assets/img/avt/combo2.jpg','2025-07-10 09:33:54','single_day',NULL,0),(123,'KH02062025_016','combo_single_day_1752200509_3546','single_day','Combo Ngày 1',515000.00,'/CoSo/assets/img/avt/combo.jpg','2025-07-11 02:21:49','single_day',NULL,0),(124,'KH02062025_016','combo_day5_1752200514_2718','day5','Combo 5 Ngày',2355000.00,'/CoSo/assets/img/avt/combo2.jpg','2025-07-11 02:21:54','single_day',NULL,0),(125,'KH02062025_016','combo_day1_1752200709_4242','day1','Combo 1 Ngày',725000.00,'/CoSo/assets/img/avt/combo2.jpg','2025-07-11 02:25:09','single_day',NULL,0),(126,'KH02062025_016','combo_day3_1752200712_1550','day3','Combo 3 Ngày',1215000.00,'/CoSo/assets/img/avt/combo2.jpg','2025-07-11 02:25:12','single_day',NULL,0),(127,'KH02062025_016','combo_day5_1752200717_7056','day5','Combo 5 Ngày',2695000.00,'/CoSo/assets/img/avt/combo2.jpg','2025-07-11 02:25:17','single_day',NULL,0),(128,'KH02062025_016','combo_day1_1752451368_6340','day1','Combo 1 Ngày',500000.00,'/CoSo/assets/img/avt/combo2.jpg','2025-07-14 00:02:48','single_day',NULL,0);
/*!40000 ALTER TABLE `combo_cart` ENABLE KEYS */;
UNLOCK TABLES;

--
-- Table structure for table `combo_progress`
--

DROP TABLE IF EXISTS `combo_progress`;
/*!40101 SET @saved_cs_client     = @@character_set_client */;
/*!50503 SET character_set_client = utf8mb4 */;
CREATE TABLE `combo_progress` (
  `id` int(11) NOT NULL AUTO_INCREMENT,
  `makh` varchar(50) NOT NULL,
  `combo_type` varchar(20) NOT NULL COMMENT 'day1, day3, day5',
  `combo_id` varchar(100) NOT NULL,
  `total_days` int(11) NOT NULL,
  `completed_days` int(11) NOT NULL DEFAULT 0,
  `is_paid` tinyint(1) DEFAULT 0,
  `purchase_type` varchar(20) DEFAULT 'single_day',
  `created_at` timestamp NOT NULL DEFAULT current_timestamp(),
  `updated_at` timestamp NOT NULL DEFAULT current_timestamp() ON UPDATE current_timestamp(),
  PRIMARY KEY (`id`),
  UNIQUE KEY `unique_combo` (`makh`,`combo_id`),
  KEY `idx_makh` (`makh`),
  KEY `idx_combo_type` (`combo_type`),
  CONSTRAINT `combo_progress_ibfk_1` FOREIGN KEY (`makh`) REFERENCES `khachhang` (`Makh`) ON DELETE CASCADE
) ENGINE=InnoDB AUTO_INCREMENT=153 DEFAULT CHARSET=utf8mb4 COLLATE=utf8mb4_general_ci;
/*!40101 SET character_set_client = @saved_cs_client */;

--
-- Dumping data for table `combo_progress`
--

LOCK TABLES `combo_progress` WRITE;
/*!40000 ALTER TABLE `combo_progress` DISABLE KEYS */;
INSERT INTO `combo_progress` VALUES (89,'KH06062025_001','day3','test_single_day3_1',3,3,1,'single_day','2025-07-07 00:39:37','2025-07-07 00:39:37'),(90,'KH06062025_001','day5','test_full_day5_1',5,5,1,'full_combo','2025-07-07 00:39:37','2025-07-07 00:39:37'),(91,'KH06062025_001','day5','test_single_day5_2',5,2,1,'single_day','2025-07-07 00:39:37','2025-07-07 00:39:37'),(92,'KH06062025_001','day1','test_day1_1',1,1,1,'single_day','2025-07-07 00:39:37','2025-07-07 00:39:37'),(99,'KH06062025_001','day3','combo_day3_full_combo_1751848738_7105',3,3,1,'full_combo','2025-07-07 00:47:17','2025-07-07 00:47:17'),(122,'KH02062025_016','day3','test_combo3_progress',3,2,1,'single_day','2025-07-07 02:21:11','2025-07-07 02:21:11'),(123,'KH02062025_016','day5','test_combo5_progress',5,3,1,'single_day','2025-07-07 02:21:11','2025-07-07 02:21:11'),(124,'KH02062025_016','day1','test_combo1_complete',1,1,1,'single_day','2025-07-07 02:21:11','2025-07-07 02:21:11'),(125,'KH02062025_016','single_day','combo_single_day_single_day_1751854915_4264',1,1,1,'single_day','2025-07-07 02:22:02','2025-07-07 02:22:02'),(126,'KH02062025_016','single_day','combo_single_day_single_day_1751855203_7750',1,1,1,'single_day','2025-07-07 02:26:50','2025-07-07 02:26:50'),(127,'KH02062025_016','single_day','combo_single_day_1751855379_9717',1,1,1,'single_day','2025-07-07 02:29:44','2025-07-07 02:29:44'),(128,'KH02062025_016','day1','combo_day1_1751904045_9070',1,1,1,'single_day','2025-07-07 16:01:10','2025-07-07 16:01:10'),(129,'KH02062025_016','day1','combo_day1_1751934583_1341',1,1,1,'single_day','2025-07-08 00:30:35','2025-07-08 00:30:35'),(130,'KH02062025_016','day1','combo_day1_1751934629_6190',1,1,1,'single_day','2025-07-08 00:30:35','2025-07-08 00:30:35'),(131,'KH02062025_016','day1','combo_day1_1751937655_3745',1,1,1,'single_day','2025-07-08 01:21:00','2025-07-08 01:21:00'),(132,'KH02062025_016','day3','combo_day3_1751937681_4125',3,0,1,'single_day','2025-07-08 01:21:31','2025-07-08 01:21:31'),(133,'KH02062025_016','day5','combo_day5_1751937714_3269',5,0,1,'single_day','2025-07-08 01:21:59','2025-07-08 01:21:59'),(134,'KH02062025_016','day1','combo_day1_1751963142_2338',1,1,1,'single_day','2025-07-08 08:25:48','2025-07-08 08:25:48'),(135,'KH02062025_016','single_day','combo_single_day_1751964238_7828',1,1,1,'single_day','2025-07-08 08:44:06','2025-07-08 08:44:06'),(136,'KH02062025_016','single_day','combo_single_day_single_day_1751978751_5090',1,1,1,'single_day','2025-07-08 12:46:01','2025-07-08 12:46:01'),(137,'KH02062025_016','day1','combo_day1_1751979625_7964',1,1,1,'single_day','2025-07-08 13:00:35','2025-07-08 13:00:35'),(138,'KH02062025_016','day1','combo_day1_1751979785_8004',1,1,1,'single_day','2025-07-08 13:03:15','2025-07-08 13:03:15'),(139,'KH02062025_016','day1','combo_day1_1751979851_2501',1,1,1,'single_day','2025-07-08 13:04:36','2025-07-08 13:04:36'),(140,'KH02062025_016','day1','combo_day1_1751979853_8567',1,1,1,'single_day','2025-07-08 13:04:36','2025-07-08 13:04:36'),(141,'KH02062025_016','single_day','combo_single_day_1751979920_4138',1,1,1,'single_day','2025-07-08 13:05:27','2025-07-08 13:05:27'),(142,'KH02062025_016','single_day','combo_single_day_1751980272_8552',1,1,1,'single_day','2025-07-08 13:11:22','2025-07-08 13:11:22'),(143,'KH02062025_016','single_day','combo_single_day_1751980301_2882',1,1,1,'single_day','2025-07-08 13:11:49','2025-07-08 13:11:49'),(144,'KH02062025_016','single_day','combo_single_day_1751980744_5650',1,1,1,'single_day','2025-07-08 13:19:14','2025-07-08 13:19:14'),(145,'KH02062025_016','single_day','combo_single_day_1751980768_7471',1,1,1,'single_day','2025-07-08 13:19:35','2025-07-08 13:19:35'),(146,'KH02062025_016','day1','combo_day1_1751981575_3185',1,1,1,'single_day','2025-07-08 13:33:02','2025-07-08 13:33:02'),(147,'KH02062025_016','single_day','combo_single_day_1752200509_3546',1,1,1,'single_day','2025-07-11 02:22:04','2025-07-11 02:22:04'),(148,'KH02062025_016','day5','combo_day5_1752200514_2718',5,0,1,'single_day','2025-07-11 02:22:05','2025-07-11 02:22:05'),(149,'KH02062025_016','day1','combo_day1_1752200709_4242',1,1,1,'single_day','2025-07-11 02:25:23','2025-07-11 02:25:23'),(150,'KH02062025_016','day3','combo_day3_1752200712_1550',3,0,1,'single_day','2025-07-11 02:25:23','2025-07-11 02:25:23'),(151,'KH02062025_016','day5','combo_day5_1752200717_7056',5,0,1,'single_day','2025-07-11 02:25:23','2025-07-11 02:25:23'),(152,'KH02062025_016','day1','combo_day1_1752451368_6340',1,1,1,'single_day','2025-07-14 00:03:00','2025-07-14 00:03:00');
/*!40000 ALTER TABLE `combo_progress` ENABLE KEYS */;
UNLOCK TABLES;

--
-- Table structure for table `hoadon`
--

DROP TABLE IF EXISTS `hoadon`;
/*!40101 SET @saved_cs_client     = @@character_set_client */;
/*!50503 SET character_set_client = utf8mb4 */;
CREATE TABLE `hoadon` (
  `id` int(11) NOT NULL AUTO_INCREMENT,
  `user_id` varchar(50) NOT NULL,
  `ship_date` date NOT NULL,
  `ship_time` time NOT NULL,
  `payment_method` varchar(20) NOT NULL,
  `total_amount` decimal(10,2) DEFAULT 0.00,
  `status` varchar(20) DEFAULT 'pending',
  `created_at` timestamp NOT NULL DEFAULT current_timestamp(),
  `updated_at` timestamp NOT NULL DEFAULT current_timestamp() ON UPDATE current_timestamp(),
  PRIMARY KEY (`id`),
  KEY `idx_user_id` (`user_id`),
  KEY `idx_ship_date` (`ship_date`),
  KEY `idx_status` (`status`),
  CONSTRAINT `hoadon_ibfk_1` FOREIGN KEY (`user_id`) REFERENCES `khachhang` (`Makh`) ON DELETE CASCADE
) ENGINE=InnoDB AUTO_INCREMENT=127 DEFAULT CHARSET=utf8mb4 COLLATE=utf8mb4_general_ci;
/*!40101 SET character_set_client = @saved_cs_client */;

--
-- Dumping data for table `hoadon`
--

LOCK TABLES `hoadon` WRITE;
/*!40000 ALTER TABLE `hoadon` DISABLE KEYS */;
INSERT INTO `hoadon` VALUES (1,'KH02062025_016','2025-07-03','11:00:00','momo',0.00,'pending','2025-07-03 02:02:38','2025-07-03 02:02:38'),(2,'KH02062025_016','2025-07-03','12:00:00','momo',250000.00,'pending','2025-07-03 02:07:56','2025-07-08 00:49:03'),(3,'KH02062025_016','2025-07-03','10:00:00','momo',250000.00,'pending','2025-07-03 02:26:40','2025-07-08 00:49:03'),(4,'KH02062025_016','2025-07-03','10:00:00','momo',360000.00,'pending','2025-07-03 02:27:04','2025-07-08 00:49:03'),(5,'KH02062025_016','2025-07-03','10:00:00','momo',250000.00,'pending','2025-07-03 02:31:23','2025-07-03 02:31:24'),(6,'KH02062025_016','2025-07-03','11:00:00','momo',250000.00,'pending','2025-07-03 03:21:43','2025-07-03 03:21:43'),(7,'KH02062025_016','2025-07-03','12:00:00','momo',360000.00,'pending','2025-07-03 03:38:07','2025-07-03 03:38:07'),(8,'KH02062025_016','2025-07-03','11:00:00','momo',250000.00,'pending','2025-07-03 03:50:58','2025-07-03 03:50:59'),(9,'KH02062025_016','2025-07-03','11:00:00','momo',250000.00,'pending','2025-07-03 03:51:36','2025-07-08 00:49:03'),(10,'KH02062025_016','2025-07-03','12:00:00','momo',250000.00,'pending','2025-07-03 03:52:54','2025-07-08 00:49:03'),(11,'KH02062025_016','2025-07-03','11:00:00','momo',250000.00,'pending','2025-07-03 03:54:34','2025-07-08 00:49:03'),(12,'KH02062025_016','2025-07-03','11:00:00','momo',360000.00,'pending','2025-07-03 03:54:55','2025-07-08 00:49:03'),(13,'KH02062025_016','2025-07-04','06:00:00','momo',160000.00,'pending','2025-07-03 05:35:08','2025-07-08 00:49:03'),(14,'KH02062025_016','2025-07-03','15:00:00','momo',360000.00,'pending','2025-07-03 05:35:46','2025-07-08 00:49:03'),(15,'KH02062025_016','2025-07-04','06:00:00','momo',760000.00,'pending','2025-07-03 05:39:54','2025-07-08 00:49:03'),(16,'KH02062025_016','2025-07-10','06:00:00','momo',625000.00,'pending','2025-07-03 05:42:06','2025-07-08 00:49:03'),(17,'KH02062025_016','2025-07-09','07:00:00','momo',490000.00,'pending','2025-07-03 05:46:04','2025-07-08 00:49:03'),(18,'KH02062025_016','2025-07-18','06:00:00','momo',250000.00,'pending','2025-07-03 05:47:11','2025-07-08 00:49:03'),(19,'KH02062025_016','2025-07-17','07:00:00','momo',360000.00,'pending','2025-07-03 05:49:05','2025-07-08 00:49:03'),(20,'KH02062025_016','2025-07-17','06:00:00','bank',230000.00,'pending','2025-07-03 05:49:54','2025-07-08 00:49:03'),(21,'KH02062025_016','2025-07-10','07:00:00','momo',360000.00,'pending','2025-07-03 05:51:39','2025-07-08 00:49:03'),(22,'KH02062025_016','2025-07-18','06:00:00','momo',230000.00,'pending','2025-07-03 05:55:40','2025-07-08 00:49:03'),(23,'KH02062025_016','2025-07-10','06:00:00','momo',385000.00,'pending','2025-07-03 05:57:16','2025-07-08 00:49:04'),(24,'KH02062025_016','2025-07-19','06:00:00','momo',360000.00,'pending','2025-07-03 06:01:34','2025-07-08 00:49:04'),(25,'KH02062025_016','2025-07-04','06:00:00','momo',360000.00,'pending','2025-07-03 06:04:09','2025-07-08 00:49:04'),(26,'KH02062025_016','2025-07-04','06:00:00','momo',380000.00,'pending','2025-07-03 06:17:01','2025-07-08 00:49:04'),(27,'KH02062025_016','2025-07-09','06:00:00','momo',250000.00,'pending','2025-07-03 06:18:46','2025-07-08 00:49:04'),(28,'KH02062025_016','2025-07-10','06:00:00','momo',545000.00,'pending','2025-07-03 06:33:55','2025-07-08 00:49:04'),(29,'KH02062025_016','2025-07-04','06:00:00','momo',1735000.00,'pending','2025-07-03 06:38:46','2025-07-08 00:49:04'),(30,'KH02062025_016','2025-07-03','15:00:00','momo',2880000.00,'pending','2025-07-03 06:54:25','2025-07-08 00:49:04'),(31,'KH02062025_016','2025-07-03','14:00:00','momo',380000.00,'pending','2025-07-03 06:55:10','2025-07-08 00:49:04'),(32,'KH02062025_016','2025-07-03','14:00:00','momo',250000.00,'pending','2025-07-03 06:57:58','2025-07-08 00:49:04'),(33,'KH02062025_016','2025-07-03','15:00:00','momo',995000.00,'pending','2025-07-03 07:00:56','2025-07-08 00:49:04'),(34,'KH02062025_016','2025-07-03','16:00:00','momo',250000.00,'pending','2025-07-03 07:08:55','2025-07-08 00:49:04'),(35,'KH02062025_016','2025-07-03','16:00:00','momo',540000.00,'pending','2025-07-03 07:09:37','2025-07-08 00:49:04'),(36,'KH02062025_016','2025-07-03','15:00:00','momo',415000.00,'pending','2025-07-03 07:21:58','2025-07-08 00:49:04'),(37,'KH02062025_016','2025-07-03','16:00:00','momo',3205000.00,'pending','2025-07-03 07:22:33','2025-07-08 00:49:04'),(38,'KH02062025_016','2025-07-03','16:00:00','momo',1800000.00,'pending','2025-07-03 07:52:15','2025-07-08 00:49:04'),(39,'KH02062025_016','2025-07-03','16:00:00','momo',325000.00,'pending','2025-07-03 07:53:30','2025-07-08 00:49:04'),(40,'KH02062025_016','2025-07-03','15:00:00','momo',1765000.00,'pending','2025-07-03 07:55:45','2025-07-08 00:49:04'),(41,'KH02062025_016','2025-07-03','17:00:00','momo',250000.00,'pending','2025-07-03 08:09:18','2025-07-08 00:49:04'),(42,'KH02062025_016','2025-07-03','16:00:00','momo',250000.00,'pending','2025-07-03 08:16:46','2025-07-08 00:49:04'),(43,'KH02062025_016','2025-07-03','16:00:00','momo',410000.00,'pending','2025-07-03 08:17:10','2025-07-08 00:49:04'),(44,'KH02062025_016','2025-07-03','16:00:00','momo',685000.00,'pending','2025-07-03 08:23:43','2025-07-08 00:49:04'),(45,'KH02062025_016','2025-07-03','16:00:00','momo',2275000.00,'pending','2025-07-03 08:39:04','2025-07-08 00:49:04'),(46,'KH02062025_016','2025-07-04','09:00:00','momo',1070000.00,'pending','2025-07-04 00:37:06','2025-07-08 00:49:04'),(47,'KH02062025_016','2025-07-04','08:00:00','momo',250000.00,'pending','2025-07-04 00:37:41','2025-07-08 00:49:04'),(48,'KH02062025_016','2025-07-04','09:00:00','momo',390000.00,'pending','2025-07-04 00:43:00','2025-07-08 00:49:04'),(49,'KH02062025_016','2025-07-04','08:00:00','momo',4010000.00,'pending','2025-07-04 00:44:02','2025-07-08 00:49:04'),(50,'KH02062025_016','2025-07-04','08:00:00','momo',430000.00,'pending','2025-07-04 00:48:44','2025-07-08 00:49:04'),(51,'KH02062025_016','2025-07-04','08:00:00','momo',690000.00,'pending','2025-07-04 00:55:35','2025-07-08 00:49:04'),(52,'KH02062025_016','2025-07-04','09:00:00','momo',1870000.00,'pending','2025-07-04 00:56:13','2025-07-08 00:49:04'),(53,'KH02062025_016','2025-07-04','08:00:00','momo',350000.00,'pending','2025-07-04 00:56:54','2025-07-08 00:49:04'),(54,'KH02062025_016','2025-07-04','08:00:00','momo',470000.00,'pending','2025-07-04 00:57:35','2025-07-08 00:49:04'),(55,'KH02062025_016','2025-07-04','08:00:00','momo',1530000.00,'pending','2025-07-04 00:58:41','2025-07-08 00:49:04'),(56,'KH02062025_016','2025-07-04','09:00:00','momo',1840000.00,'pending','2025-07-04 00:59:09','2025-07-08 00:49:04'),(57,'KH02062025_016','2025-07-04','09:00:00','momo',4805000.00,'pending','2025-07-04 01:04:55','2025-07-08 00:49:04'),(58,'KH02062025_016','2025-07-04','11:00:00','momo',1790000.00,'pending','2025-07-04 01:05:30','2025-07-08 00:49:04'),(59,'KH02062025_016','2025-07-04','09:00:00','momo',635000.00,'pending','2025-07-04 01:09:16','2025-07-08 00:49:04'),(60,'KH02062025_016','2025-07-04','09:00:00','momo',480000.00,'pending','2025-07-04 01:11:59','2025-07-08 00:49:04'),(61,'KH02062025_016','2025-07-04','09:00:00','momo',455000.00,'pending','2025-07-04 01:15:31','2025-07-08 00:49:04'),(62,'KH02062025_016','2025-07-04','09:00:00','momo',540000.00,'pending','2025-07-04 01:16:17','2025-07-08 00:49:04'),(63,'KH02062025_016','2025-07-04','09:00:00','momo',625000.00,'pending','2025-07-04 01:18:04','2025-07-08 00:49:04'),(64,'KH02062025_016','2025-07-04','10:00:00','momo',4005000.00,'pending','2025-07-04 01:18:33','2025-07-08 00:49:04'),(65,'KH02062025_016','2025-07-04','10:00:00','momo',485000.00,'pending','2025-07-04 01:19:04','2025-07-08 00:49:04'),(66,'KH02062025_016','2025-07-04','09:00:00','momo',475000.00,'pending','2025-07-04 01:21:43','2025-07-08 00:49:04'),(67,'KH02062025_016','2025-07-04','10:00:00','momo',520000.00,'pending','2025-07-04 01:30:20','2025-07-08 00:49:04'),(68,'KH02062025_016','2025-07-04','09:00:00','momo',515000.00,'pending','2025-07-04 01:33:12','2025-07-08 00:49:04'),(69,'KH02062025_016','2025-07-04','10:00:00','momo',450000.00,'pending','2025-07-04 01:35:22','2025-07-08 00:49:04'),(70,'KH02062025_016','2025-07-04','10:00:00','momo',535000.00,'pending','2025-07-04 01:39:19','2025-07-08 00:49:04'),(71,'KH02062025_016','2025-07-04','09:00:00','momo',425000.00,'pending','2025-07-04 01:57:01','2025-07-08 00:49:04'),(72,'KH02062025_016','2025-07-04','10:00:00','momo',575000.00,'pending','2025-07-04 02:01:53','2025-07-08 00:49:04'),(73,'KH02062025_016','2025-07-04','11:00:00','momo',590000.00,'pending','2025-07-04 02:10:47','2025-07-08 00:49:04'),(74,'KH02062025_016','2025-07-04','11:00:00','momo',465000.00,'pending','2025-07-04 02:16:38','2025-07-08 00:49:04'),(75,'KH02062025_016','2025-07-04','10:00:00','momo',480000.00,'pending','2025-07-04 02:28:59','2025-07-08 00:49:04'),(76,'KH02062025_016','2025-07-04','10:00:00','momo',405000.00,'pending','2025-07-04 02:29:41','2025-07-08 00:49:04'),(77,'KH02062025_016','2025-07-04','10:00:00','momo',475000.00,'pending','2025-07-04 02:34:26','2025-07-08 00:49:04'),(78,'KH02062025_016','2025-07-04','10:00:00','momo',445000.00,'pending','2025-07-04 02:44:42','2025-07-08 00:49:04'),(79,'KH02062025_016','2025-07-07','08:00:00','momo',1880000.00,'pending','2025-07-07 00:21:30','2025-07-08 00:49:04'),(80,'KH02062025_016','2025-07-07','08:00:00','momo',620000.00,'pending','2025-07-07 00:41:03','2025-07-08 00:49:04'),(81,'KH02062025_016','2025-07-07','08:00:00','momo',3460000.00,'pending','2025-07-07 00:41:43','2025-07-08 00:49:04'),(82,'KH02062025_016','2025-07-07','08:00:00','momo',370000.00,'pending','2025-07-07 00:42:06','2025-07-08 00:49:04'),(83,'KH02062025_016','2025-07-07','08:00:00','momo',890000.00,'pending','2025-07-07 00:43:01','2025-07-08 00:49:04'),(84,'KH02062025_016','2025-07-07','09:00:00','momo',4640000.00,'pending','2025-07-07 01:17:34','2025-07-08 00:49:04'),(85,'KH02062025_016','2025-07-07','09:00:00','momo',735000.00,'pending','2025-07-07 01:18:03','2025-07-08 00:49:04'),(86,'KH02062025_016','2025-07-07','10:00:00','momo',510000.00,'pending','2025-07-07 01:57:05','2025-07-08 00:49:04'),(87,'KH02062025_016','2025-07-07','11:00:00','momo',635000.00,'pending','2025-07-07 02:22:02','2025-07-08 00:49:04'),(94,'KH02062025_016','2025-07-07','11:00:00','momo',315000.00,'pending','2025-07-07 02:26:50','2025-07-08 00:49:04'),(98,'KH02062025_016','2025-07-07','12:00:00','momo',625000.00,'pending','2025-07-07 02:29:44','2025-07-08 00:49:04'),(99,'KH02062025_016','2025-07-08','06:00:00','momo',425000.00,'pending','2025-07-07 16:01:10','2025-07-08 00:49:04'),(100,'KH02062025_016','2025-07-08','08:00:00','momo',1020000.00,'pending','2025-07-08 00:30:35','2025-07-08 00:49:04'),(101,'KH02062025_016','2025-07-08','08:00:00','momo',610000.00,'pending','2025-07-08 00:31:24','2025-07-08 00:49:04'),(102,'KH02062025_016','2025-07-08','08:00:00','momo',720000.00,'pending','2025-07-08 00:51:30','2025-07-08 00:51:30'),(103,'KH02062025_016','2025-07-09','14:00:00','momo',1590000.00,'pending','2025-07-08 01:09:16','2025-07-08 01:09:16'),(104,'KH02062025_016','2025-07-08','09:00:00','momo',570000.00,'pending','2025-07-08 01:21:00','2025-07-08 01:21:00'),(105,'KH02062025_016','2025-07-08','09:00:00','momo',1335000.00,'pending','2025-07-08 01:21:31','2025-07-08 01:21:31'),(106,'KH02062025_016','2025-07-08','09:00:00','momo',2535000.00,'pending','2025-07-08 01:21:59','2025-07-08 01:21:59'),(107,'KH02062025_016','2025-07-08','16:00:00','momo',60000.00,'pending','2025-07-08 08:22:02','2025-07-08 08:22:02'),(108,'KH02062025_016','2025-07-08','17:00:00','momo',55000.00,'pending','2025-07-08 08:25:09','2025-07-08 08:25:09'),(109,'KH02062025_016','2025-07-08','16:00:00','momo',400000.00,'pending','2025-07-08 08:25:48','2025-07-08 08:25:48'),(110,'KH02062025_016','2025-07-08','16:00:00','momo',250000.00,'pending','2025-07-08 08:37:32','2025-07-08 08:37:32'),(111,'KH02062025_016','2025-07-08','16:00:00','momo',380000.00,'pending','2025-07-08 08:44:06','2025-07-08 08:44:06'),(112,'KH02062025_016','2025-07-10','06:00:00','momo',655000.00,'pending','2025-07-08 12:46:01','2025-07-08 12:46:01'),(113,'KH02062025_016','2025-07-09','06:00:00','momo',250000.00,'pending','2025-07-08 13:00:14','2025-07-08 13:00:14'),(114,'KH02062025_016','2025-07-09','07:00:00','momo',690000.00,'pending','2025-07-08 13:00:35','2025-07-08 13:00:35'),(115,'KH02062025_016','2025-07-17','06:00:00','momo',595000.00,'pending','2025-07-08 13:03:15','2025-07-08 13:03:15'),(116,'KH02062025_016','2025-07-09','07:00:00','momo',1020000.00,'pending','2025-07-08 13:04:36','2025-07-08 13:04:36'),(117,'KH02062025_016','2025-07-09','06:00:00','momo',560000.00,'pending','2025-07-08 13:05:27','2025-07-08 13:05:27'),(118,'KH02062025_016','2025-07-09','06:00:00','momo',660000.00,'pending','2025-07-08 13:11:22','2025-07-08 13:11:22'),(119,'KH02062025_016','2025-07-09','07:00:00','momo',485000.00,'pending','2025-07-08 13:11:49','2025-07-08 13:11:49'),(120,'KH02062025_016','2025-07-09','07:00:00','momo',560000.00,'pending','2025-07-08 13:19:14','2025-07-08 13:19:15'),(121,'KH02062025_016','2025-07-09','07:00:00','momo',440000.00,'pending','2025-07-08 13:19:35','2025-07-08 13:19:35'),(122,'KH02062025_016','2025-07-09','07:00:00','momo',595000.00,'pending','2025-07-08 13:33:02','2025-07-08 13:33:02'),(123,'KH02062025_016','2025-07-09','14:00:00','bank',250000.00,'pending','2025-07-09 06:52:17','2025-07-09 06:52:17'),(124,'KH02062025_016','2025-07-11','10:00:00','momo',2870000.00,'pending','2025-07-11 02:22:04','2025-07-11 02:22:05'),(125,'KH02062025_016','2025-07-11','10:00:00','momo',4635000.00,'pending','2025-07-11 02:25:23','2025-07-11 02:25:23'),(126,'KH02062025_016','2025-07-14','09:00:00','momo',500000.00,'pending','2025-07-14 00:03:00','2025-07-14 00:03:00');
/*!40000 ALTER TABLE `hoadon` ENABLE KEYS */;
UNLOCK TABLES;

--
-- Table structure for table `khachhang`
--

DROP TABLE IF EXISTS `khachhang`;
/*!40101 SET @saved_cs_client     = @@character_set_client */;
/*!50503 SET character_set_client = utf8mb4 */;
CREATE TABLE `khachhang` (
  `Makh` varchar(20) NOT NULL,
  `Tenkh` varchar(100) NOT NULL,
  `Email` varchar(100) NOT NULL,
  `Matkhau` varchar(100) NOT NULL,
  `SDT` varchar(20) DEFAULT NULL,
  `Diachi` varchar(255) DEFAULT NULL,
  `Ngaydangky` date NOT NULL DEFAULT curdate(),
  `Vaitro` int(11) DEFAULT 0,
  PRIMARY KEY (`Makh`),
  UNIQUE KEY `Email` (`Email`)
) ENGINE=InnoDB DEFAULT CHARSET=utf8mb4 COLLATE=utf8mb4_general_ci;
/*!40101 SET character_set_client = @saved_cs_client */;

--
-- Dumping data for table `khachhang`
--

LOCK TABLES `khachhang` WRITE;
/*!40000 ALTER TABLE `khachhang` DISABLE KEYS */;
INSERT INTO `khachhang` VALUES ('KH02062025_001','Nguyen Van E','vanE@gmail.com','123456',NULL,NULL,'2025-06-02',0),('KH02062025_003','Ngoc Quynh','nguyenngocquynh250925@gmail.com','$2y$10$4ppCOZ/08GroBHi7mmiDZeSvJ0pfjXwYEvaoAGBOEsYasjyNiaj1m',NULL,NULL,'2025-06-02',0),('KH02062025_004','Quynh Nguyen','nguyenngocquynh250922@gmail.com','$2y$10$ryztRGq5vpwdMCbru9tm5.ra1.NVliSe1BZm.zs54QTy9a7cyfSHu',NULL,NULL,'2025-06-02',0),('KH02062025_005','Tra My','nguyenthitramy11@gmail.com','$2y$10$UtPR2dayY81AMG7X4YWPDuBXpSp1NEByTnSKYUZRV.DbvTob1gDSG',NULL,NULL,'2025-06-02',0),('KH02062025_006','Tieu Bang','dongoctieubang22@gmail.com','$2y$10$bu0yGt8j./n1zWcPQ8pgv.fRroKdmJaBZ4wA9NXVu6mt9Iq4o62TS',NULL,NULL,'2025-06-02',0),('KH02062025_007','Phung Anh','tranngocphunganh123@gmail.com','$2y$10$PBc3GH2D6DqAl.JNnNkUtuI/W7odGrjdRN8PXyYrP5R4VTCpFHBvG',NULL,NULL,'2025-06-02',0),('KH02062025_008','Min Huong','donguyenminhuong@gmail.com','$2y$10$HRsrBvqUiQ8N.Fe71Z6uWOW9hmQvGCV9Ip4GDEvk.VO5rAG1Q//Xq',NULL,NULL,'2025-06-02',0),('KH02062025_009','MyHung','myhung112233@gmail.com','$2y$10$qZ5.ZaUBZM4xZ8kd877aYed9VqZB.2wQDp3qpNFtqtzYvfc305lA.',NULL,NULL,'2025-06-02',0),('KH02062025_010','Quynh Ne','nguyenngocquynh2509011@gmail.com','$2y$10$bRNODklHT3aEiOvE967b4.bH6HZY3U32aV/WVtr042FXVcNUKH8X6',NULL,NULL,'2025-06-02',0),('KH02062025_015','ngocquynhne','nguyenngocquynh25090000@gmail.com','$2y$10$XZFg2G9gW/DP3pSuF96vqejbyyJZDcHUHBingrMsCVcRGYLVNOxjO',NULL,NULL,'2025-06-02',0),('KH02062025_016','Nguyen Ngoc Quynh','nguyenngocquynh250904@gmail.com','$2y$10$pLG4VdttTEGuS3XHliHVaehyS.D2eiC.tWEVxT1dMM3arEvcR29JW','0977640820','ĐỒNG NAI','2025-06-02',1),('KH05062025_001','Quynh','nguyenquynh@gmail.com','1234',NULL,NULL,'2025-06-05',0),('KH05062025_003','Trà My','tramyn@gmail.com','$2y$10$1y5tok182lV305XbisFC..1Ke36npg5IT775dZQ1wye0fIJSlMvoO',NULL,NULL,'2025-06-05',0),('KH06062025_001','Đỗ Nguyễn Minh Hương','huong0122@gmail.com','$2y$10$ixAh6KmWjH28PvoAL2zHtufn/s4umf4AUFT8AqPT5pDFPAFa2HEI6',NULL,NULL,'2025-06-06',0),('KH31052025_001','Nguyen Van A','vana@gmail.com','123456','0123456789','Hanoi','2025-05-31',0),('KH31052025_002','Nguyen Van B','vanB@gmail.com','123456','0123456789','Hanoi','2025-05-31',0),('KH31052025_003','Nguyen Van C','vanC@gmail.com','123456','0123456789','Hanoi','2025-05-31',0);
/*!40000 ALTER TABLE `khachhang` ENABLE KEYS */;
UNLOCK TABLES;
/*!50003 SET @saved_cs_client      = @@character_set_client */ ;
/*!50003 SET @saved_cs_results     = @@character_set_results */ ;
/*!50003 SET @saved_col_connection = @@collation_connection */ ;
/*!50003 SET character_set_client  = utf8mb4 */ ;
/*!50003 SET character_set_results = utf8mb4 */ ;
/*!50003 SET collation_connection  = utf8_general_ci */ ;
/*!50003 SET @saved_sql_mode       = @@sql_mode */ ;
/*!50003 SET sql_mode              = 'ONLY_FULL_GROUP_BY,STRICT_TRANS_TABLES,NO_ZERO_IN_DATE,NO_ZERO_DATE,ERROR_FOR_DIVISION_BY_ZERO,NO_ENGINE_SUBSTITUTION' */ ;
DELIMITER ;;
/*!50003 CREATE*/ /*!50017 DEFINER=`root`@`localhost`*/ /*!50003 TRIGGER `before_insert_khachhang` BEFORE INSERT ON `khachhang` FOR EACH ROW BEGIN
  DECLARE max_number INT DEFAULT 0;
  DECLARE new_makh VARCHAR(20);
  DECLARE today_prefix VARCHAR(20);

  -- Tạo tiền tố theo ngày hôm nay, dạng KHddmmyyyy_
  SET today_prefix = CONCAT('KH', DATE_FORMAT(CURDATE(), '%d%m%Y'), '_');

  -- Tìm số thứ tự lớn nhất đã tồn tại trong cùng ngày
  SELECT IFNULL(MAX(CAST(SUBSTRING(Makh, 12) AS UNSIGNED)), 0)
  INTO max_number
  FROM khachhang
  WHERE Makh LIKE CONCAT(today_prefix, '%');

  -- Ghép mã mới
  SET new_makh = CONCAT(today_prefix, LPAD(max_number + 1, 3, '0'));

  -- Gán mã khách hàng cho bản ghi sắp thêm
  SET NEW.Makh = new_makh;
END */;;
DELIMITER ;
/*!50003 SET sql_mode              = @saved_sql_mode */ ;
/*!50003 SET character_set_client  = @saved_cs_client */ ;
/*!50003 SET character_set_results = @saved_cs_results */ ;
/*!50003 SET collation_connection  = @saved_col_connection */ ;

--
-- Table structure for table `khachhang_suckhoe`
--

DROP TABLE IF EXISTS `khachhang_suckhoe`;
/*!40101 SET @saved_cs_client     = @@character_set_client */;
/*!50503 SET character_set_client = utf8mb4 */;
CREATE TABLE `khachhang_suckhoe` (
  `id` int(11) NOT NULL AUTO_INCREMENT,
  `Makh` varchar(20) NOT NULL,
  `weight` float DEFAULT NULL,
  `height` float DEFAULT NULL,
  `age` int(11) DEFAULT NULL,
  `gender` varchar(10) DEFAULT NULL,
  `activity_level` varchar(20) DEFAULT NULL,
  `goal` varchar(50) DEFAULT NULL,
  `created_at` datetime DEFAULT current_timestamp(),
  PRIMARY KEY (`id`),
  KEY `Makh` (`Makh`),
  CONSTRAINT `khachhang_suckhoe_ibfk_1` FOREIGN KEY (`Makh`) REFERENCES `khachhang` (`Makh`)
) ENGINE=InnoDB AUTO_INCREMENT=30 DEFAULT CHARSET=utf8mb4 COLLATE=utf8mb4_general_ci;
/*!40101 SET character_set_client = @saved_cs_client */;

--
-- Dumping data for table `khachhang_suckhoe`
--

LOCK TABLES `khachhang_suckhoe` WRITE;
/*!40000 ALTER TABLE `khachhang_suckhoe` DISABLE KEYS */;
INSERT INTO `khachhang_suckhoe` VALUES (15,'KH02062025_016',54,155,21,'Nu','1.2','loseweight','2025-06-16 15:26:30'),(16,'KH02062025_016',54.2,155,21,'Nu','1.2','loseweight','2025-06-16 19:59:33'),(17,'KH02062025_016',54.6,155,21,'Nu','1.2','loseweight','2025-06-16 20:14:03'),(18,'KH02062025_016',54.1,155.3,21,'Nu','1.375','loseweight','2025-06-17 19:15:33'),(19,'KH02062025_016',54.1,155.1,21,'Nu','1.2','gainweight','2025-06-17 19:22:53'),(20,'KH02062025_016',54.5,155.5,21,'Nu','1.2','loseweight','2025-06-17 19:59:32'),(21,'KH02062025_016',55,155.5,21,'Nu','1.2','loseweight','2025-06-17 20:01:42'),(22,'KH02062025_016',55,155.6,11,'Nu','1.725','loseweight','2025-06-17 20:03:29'),(23,'KH02062025_016',55.28,155.6,21,'Nu','1.2','loseweight','2025-06-17 20:04:09'),(24,'KH02062025_016',55.12,155.7,21,'Nu','1.2','gainweight','2025-06-18 08:26:02'),(25,'KH02062025_004',55.21,155.8,24,'Nu','1.375','maintain','2025-06-19 07:36:03'),(26,'KH02062025_016',56,155.8,21,'Nu','1.55','maintain','2025-07-03 08:31:33'),(27,'KH02062025_016',55.5,155.9,21,'Nu','1.2','maintain','2025-07-07 07:21:13'),(28,'KH02062025_016',55,156,21,'Nu','1.725','maintain','2025-07-08 15:25:31'),(29,'KH02062025_016',56,156,21,'Nu','1.2','maintain','2025-07-09 09:10:02');
/*!40000 ALTER TABLE `khachhang_suckhoe` ENABLE KEYS */;
UNLOCK TABLES;

--
-- Table structure for table `khachhangdiung`
--

DROP TABLE IF EXISTS `khachhangdiung`;
/*!40101 SET @saved_cs_client     = @@character_set_client */;
/*!50503 SET character_set_client = utf8mb4 */;
CREATE TABLE `khachhangdiung` (
  `Makh` varchar(20) NOT NULL,
  `Thanhphandiungid` int(11) NOT NULL,
  PRIMARY KEY (`Makh`,`Thanhphandiungid`),
  KEY `Thanhphandiungid` (`Thanhphandiungid`),
  CONSTRAINT `khachhangdiung_ibfk_1` FOREIGN KEY (`Makh`) REFERENCES `khachhang` (`Makh`) ON DELETE CASCADE,
  CONSTRAINT `khachhangdiung_ibfk_2` FOREIGN KEY (`Thanhphandiungid`) REFERENCES `thanhphan` (`Idthanhphan`) ON DELETE CASCADE
) ENGINE=InnoDB DEFAULT CHARSET=utf8mb4 COLLATE=utf8mb4_general_ci;
/*!40101 SET character_set_client = @saved_cs_client */;

--
-- Dumping data for table `khachhangdiung`
--

LOCK TABLES `khachhangdiung` WRITE;
/*!40000 ALTER TABLE `khachhangdiung` DISABLE KEYS */;
INSERT INTO `khachhangdiung` VALUES ('KH02062025_004',64),('KH02062025_016',1),('KH02062025_016',2),('KH02062025_016',32),('KH02062025_016',64),('KH02062025_016',65),('KH02062025_016',66);
/*!40000 ALTER TABLE `khachhangdiung` ENABLE KEYS */;
UNLOCK TABLES;

--
-- Table structure for table `loai`
--

DROP TABLE IF EXISTS `loai`;
/*!40101 SET @saved_cs_client     = @@character_set_client */;
/*!50503 SET character_set_client = utf8mb4 */;
CREATE TABLE `loai` (
  `Maloai` int(11) NOT NULL AUTO_INCREMENT,
  `Tenloai` varchar(255) NOT NULL,
  PRIMARY KEY (`Maloai`),
  UNIQUE KEY `Tenloai` (`Tenloai`)
) ENGINE=InnoDB AUTO_INCREMENT=9 DEFAULT CHARSET=utf8mb4 COLLATE=utf8mb4_general_ci;
/*!40101 SET character_set_client = @saved_cs_client */;

--
-- Dumping data for table `loai`
--

LOCK TABLES `loai` WRITE;
/*!40000 ALTER TABLE `loai` DISABLE KEYS */;
INSERT INTO `loai` VALUES (1,'balance'),(2,'calorie'),(3,'diabetic'),(4,'gluten'),(5,'heart'),(6,'keto'),(7,'protein'),(8,'vegan');
/*!40000 ALTER TABLE `loai` ENABLE KEYS */;
UNLOCK TABLES;

--
-- Table structure for table `sanpham`
--

DROP TABLE IF EXISTS `sanpham`;
/*!40101 SET @saved_cs_client     = @@character_set_client */;
/*!50503 SET character_set_client = utf8mb4 */;
CREATE TABLE `sanpham` (
  `Masp` int(11) NOT NULL AUTO_INCREMENT,
  `Tensp` varchar(255) NOT NULL,
  `Mota` text NOT NULL,
  `Hinhanh` varchar(255) DEFAULT NULL,
  `Gianguyenlieu` int(11) NOT NULL,
  `Giaban` int(11) NOT NULL,
  `Calories` int(11) DEFAULT NULL,
  `Protein` int(11) DEFAULT NULL,
  `Fat` int(11) DEFAULT NULL,
  `Carbs` int(11) DEFAULT NULL,
  `Sugar` int(11) DEFAULT NULL,
  `Fiber` int(11) DEFAULT NULL,
  `Ngaytao` date DEFAULT curdate(),
  `Maloai` int(11) DEFAULT NULL,
  `Trangthai` tinyint(1) NOT NULL DEFAULT 1,
  PRIMARY KEY (`Masp`),
  KEY `Maloai` (`Maloai`),
  CONSTRAINT `sanpham_ibfk_1` FOREIGN KEY (`Maloai`) REFERENCES `loai` (`Maloai`) ON DELETE SET NULL
) ENGINE=InnoDB AUTO_INCREMENT=117 DEFAULT CHARSET=utf8mb4 COLLATE=utf8mb4_general_ci;
/*!40101 SET character_set_client = @saved_cs_client */;

--
-- Dumping data for table `sanpham`
--

LOCK TABLES `sanpham` WRITE;
/*!40000 ALTER TABLE `sanpham` DISABLE KEYS */;
INSERT INTO `sanpham` VALUES (1,'Thịt nướng sốt mật ong','Món thịt mềm mại của chúng tôi được làm từ thịt bò nạc, quinoa, cà rốt và ớt xanh, được tẩm một lớp sốt mật ong bourbon ngọt ngào và đi kèm với đậu xanh nguyên hạt bên cạnh cho bữa tối thoải mái tuyệt vời nhất!','/CoSo/assets/img/mon_an/Meatloaf_with_Honey.webp',200000,250000,340,28,12,29,12,6,'2025-06-06',1,1),(2,'Gà nướng kiểu Ý thơ mộng','Một miếng ức gà nướng được phủ lên bởi sốt cà chua khô kem chuẩn bị với phô mai parmesan, tỏi và cỏ xạ hương. Được ăn kèm với cơm, cà rốt baby và bông cải xanh.','/CoSo/assets/img/mon_an/Tuscan-InspiredChicken_large.webp',280000,360000,360,39,11,26,4,3,'2025-06-06',1,1),(4,'Gà vườn sốt cà thơ mộng','Kết hợp ba loại phô mai và thịt gà xay tẩm gia vị, đắm mình trong sốt marinara làm từ rau với cà rốt, bí xanh và bí ngòi, đi kèm với bông cải.','/CoSo/assets/img/mon_an/ChickenLasagnawithGardenMarinara_1_large.webp',200000,250000,350,28,13,30,4,5,'2025-06-06',1,1),(5,'Gà vườn sốt ớt đỏ và khoai tây','Một miếng ức gà mềm mại được phủ lớp sốt lấy cảm hứng từ Tây Ban Nha với ớt đỏ nướng, bột paprika hun khói, cà chua, hạt thông và tỏi, đi kèm với khoai tây nướng gia vị và bông cải xanh.','/CoSo/assets/img/mon_an/ChickenwithRomescoSauce_Potatoes_large.webp',190000,230000,390,39,15,24,6,5,'2025-06-06',1,1),(8,'Bò hầm mì Ý sốt vang đỏ đậm đà','Thịt bò mềm trong nước sốt demi-glace vang đỏ, phục vụ trên mì trứng xoắn với nấm và cà rốt. Kèm theo đó là bông cải xanh và hành củ.','/CoSo/assets/img/mon_an/Beef_NoodleswithRedWineDemi-Glace_large.webp',120000,160000,300,29,10,25,4,4,'2025-06-07',1,1),(9,'Gà chiên thảo mộc mê ly','Món ức gà mềm này được tẩm gia vị với các loại thảo mộc cổ điển và được phủ một lớp sốt marinara rau củ cùng với một ít phô mai Parmesan và mì.','/CoSo/assets/img/mon_an/HerbedChickenParmesan_2_large.webp',100000,130000,360,41,8,30,3,4,'2025-06-07',1,1),(10,'Gà bơ kiểu Ấn Độ','Gà xắt nhỏ trong một món cà ri chính hiệu được chế biến với cà chua, kem, bơ và gia vị, phục vụ cùng cơm basmati hương thì là và đậu xanh thơm ngon.','/CoSo/assets/img/mon_an/Indian-InspiredButterChicken_2_large.webp',90000,130000,410,33,20,25,11,4,'2025-06-11',1,1),(11,'Heo nướng sốt cam Caribe','Thịt heo kéo ướp gia vị vừa đủ cay, trộn với ớt chuông và hành tây. Dùng kèm với đậu đen và gạo cùng với salad bắp cải xanh.','/CoSo/assets/img/mon_an/MojoPorkwithBlackBeans_Rice_large.webp',100000,130000,330,23,11,34,7,7,'2025-06-11',1,1),(12,'Heo hầm ớt xanh sốt đậm đà','Chỉ cần cái tên thôi đã đủ làm bạn thèm chảy nước miếng. Món ăn này gồm ớt xanh với thịt heo xông khói xé nhỏ, được bổ sung bởi một loại salsa ngô nướng  và đậu đen với những hương vị của ngò rí, chanh và cây thì là.','/CoSo/assets/img/mon_an/GreenChilePorkwithSouthwestSalsa_large.webp',80000,110000,310,24,8,28,5,5,'2025-06-11',1,1),(15,'Trứng, khoai tây và thịt nguội mềm tan','Một quả trứng với khoai tây đỏ nướng, thịt xông khói và phô mai cheddar, kèm theo một phần táo có vị quế.','/CoSo/assets/img/mon_an/BaconandPotatoEggScramble_large.webp',80000,110000,250,21,8,23,9,3,'2025-06-11',1,1),(17,'Bò nướng than BBQ khoai tây vàng','Thịt bò nướng mềm được phủ bởi một loại sốt BBQ tự làm có hương vị mật ong và đường nâu. Thịt bò BBQ của chúng tôi được phục vụ kèm với khoai tây vàng và đậu xanh nguyên vỏ được nêm tỏi.','/CoSo/assets/img/mon_an/HickorySmokedBBQBeefwithYukonGoldPotatoes_large.webp',160000,190000,370,36,9,35,15,5,'2025-06-14',4,1),(18,'Gà nướng mật ong và hạt bổ dưỡng ','Ức gà thái hạt lựu ngâm trong nước sốt mật ong ngọt ngào kết hợp với phô mai cheddar và gouda cùng đậu xanh.','/CoSo/assets/img/mon_an/HoneyGlazedChickenwithCheesyQuinoa_2_large.webp',90000,120000,370,40,10,30,15,5,'2025-06-14',4,1),(19,'Gà nướng mù tạt mật ong','Thịt ức gà mềm ướp với mật ong và mù tạt, phục vụ cùng khoai tây parmesan nướng thảo mộc và ớt đỏ.','/CoSo/assets/img/mon_an/HoneyMustardChickenwithHerb-roastedPotatoes_large.webp',80000,110000,270,30,7,22,8,4,'2025-06-14',4,1),(20,'Heo nướng BBQ & súp lơ xanh','Thịt heo được xông khói và sau đó được phủ trong nước sốt BBQ tự làm với hương vị của mật ong và đường nâu. Nó được đi kèm với món salad bắp cải tím và táo chua cùng với những bông cải xanh bên cạnh.','/CoSo/assets/img/mon_an/HickorySmokedBBQPorkwithBroccoli_large.webp',60000,100000,320,34,7,30,18,6,'2025-06-14',4,1),(21,'Cá hồi nướng sốt kem húng quế','Cá hồi tươi được phục vụ kèm với một phần rau củ phong phú có cà tím, bí ngòi và bí vàng cùng với súp lơ nướng thảo mộc. Cá hồi chứa axit béo omega-3 có thể giúp giảm nguy cơ mắc bệnh tim, trầm cảm và viêm khớp.','/CoSo/assets/img/mon_an/GrilledSalmonwithCreamyPesto_1_large.webp',160000,200000,380,33,21,14,7,4,'2025-06-14',4,1),(22,'Bò rừng nướng sốt cà chua','Bison là loại thịt bò mới! Protein nạc nâng cao món ăn châu Âu cổ điển này lên một tầm cao mới với phong cách Tây Nam mà chúng tôi thêm vào. Bên cạnh đậu đỏ kiểu cao bồi và một ít salad xoài, món ăn này là một bữa tiệc hương vị được kết hợp một cách tinh tế.','/CoSo/assets/img/mon_an/SouthwestBisonMeatloaf_large.webp',190000,220000,350,27,12,34,12,9,'2025-06-14',4,1),(23,'Bánh mì bò nướng & phô mai tan chảy','2 miếng bánh kẹp bò nạc không vỏ bánh, rưới sốt BBQ Sriracha đặc biệt, hành caramel ngọt và phô mai trắng Cheddar.\r\nKhông dùng bánh mì, thay vào đó là khoai mì chiên giòn – món ăn kèm được yêu thích nhất!','/CoSo/assets/img/mon_an/BBQBeef_CheddarSliders_large.webp',100000,120000,380,28,14,36,5,3,'2025-06-14',4,1),(24,'Gà cuộn cơm rau chiên healthy','Bánh cuốn trứng được làm từ thịt gà xay, trứng bác, bắp cải và cà rốt xào trong nước sốt Sriracha cay, trang trí với hành lá. Dùng kèm với cơm chiên súp lơ.','/CoSo/assets/img/mon_an/ChickenEggRollBowlwithCauliflowerFriedRice_large.webp',50000,70000,230,23,6,21,10,6,'2025-06-14',4,1),(25,'Gà nướng thấm sốt cay nồng Buffalo','Gà buffalo và phô mai xanh, thịt xông khói thơm lừng và hành lá vào món khoai tây nghiền của bạn. Món ăn này được kết hợp với bông cải xanh bên cạnh để tạo thêm sự hoàn hảo.','/CoSo/assets/img/mon_an/GrilledChickenwithBuffaloSauce_large.webp',60000,90000,320,35,11,21,3,4,'2025-06-14',4,1),(26,'Gà nấu nước cốt dừa kiểu Thái','Món ăn này kết hợp gà thái hạt lựu trong nước sốt cà ri dừa cảm hứng Thái Lan béo ngậy, được phục vụ với cơm và một món rau củ bao gồm đậu xanh, cà rốt và cà tím.','/CoSo/assets/img/mon_an/Thai-styleCoconutChicken_2_large.webp',70000,120000,320,30,11,26,6,4,'2025-06-14',4,1),(27,'Bát pizza gà thập cẩm','Một chiếc pizza thượng hạng không vỏ với gà xé, được phủ với ớt chuông xanh, hành tây, nấm, xúc xích gà và được trang trí với lớp phô mai ngon lành. Kèm theo một bên bông cải xanh xào tỏi.','/CoSo/assets/img/mon_an/ChickenSupremePizzaBowl_2_large.webp',100000,130000,320,33,11,22,10,6,'2025-06-14',4,1),(28,'Viên Gà Sốt Việt Quất','Thịt viên gà tây được chế biến với thơm và quả nam việt quất khô, sau đó được phủ nước sốt nâu, cà rốt và hành tây thái nhỏ. Dùng kèm với khoai lang nướng và bông cải bên cạnh.','/CoSo/assets/img/mon_an/CranberryHarvestTurkeyMeatballs_large.webp',70000,100000,330,22,14,31,10,6,'2025-06-17',5,1),(29,'Mì Gà Viên Sốt Kiểu Ý','Thịt viên gà làm tại nhà được phục vụ trên mì spaghetti và được phủ một lớp sốt marinara kèm theo bên cạnh là đậu xanh cắt kiểu Ý được nêm tỏi và húng quế.','/Coso/assets/img/mon_an/ChickenMeatballswithMarinara_Spaghetti_large.webp',80000,110000,290,27,7,28,6,4,'2025-06-17',5,1),(30,'Thịt Heo Xông Khói Sốt Xanh','Món ăn này gồm thịt heoxông khói và mềm mại được phủ salsa verde, kèm theo hỗn hợp ngô và rau mùi nướng trên lửa. Bữa ăn này được hoàn thiện một cách hoàn hảo khi thêm cạnh những quả ớt piquillo nhồi đã được nêm gia vị.','/CoSo/assets/img/mon_an/SmokedChipotlePorkwithSalsaVerde_large.webp',90000,140000,300,30,6,30,5,5,'2025-06-17',5,1),(42,'Bánh Phô Mai Mâm Xôi Đỏ Ngọt Ngào','Bánh phô mai này là sự kết hợp giữa bánh phô mai kiểu Mỹ và Ý làm ​​từ phô mai kem và phô mai ricotta để tăng thêm protein. Lớp vỏ hạnh nhân và yến mạch xay giúp tăng hàm lượng dinh dưỡng mà không làm mất đi hương vị hấp dẫn.','/Coso/assets/img/mon_an/Large_f36cd78a-b2c8-4a45-b7c4-3c8d23162019_large.webp',30000,45000,180,9,9,17,8,2,'2025-06-18',1,1),(43,'Sô Cô La Đậu Phộng Hảo Hạng','Sự ngon lành của bơ đậu phộng và sô cô la mang đến sự thỏa mãn cho giờ ăn nhẹ. Thanh sô cô la phủ sô cô la này chứa 15g protein từ váng sữa ăn cỏ và chỉ 9g đường. Chứa đầy mật ong ngọt tự nhiên, bơ đậu phộng, vụn sô cô la và hạt siêu thực phẩm giúp bạn no và thỏa mãn.','/Coso/assets/img/mon_an/Large_592556dd-916a-4134-ac14-9ff91be7c533_large.webp',20000,25000,200,15,8,22,9,3,'2025-06-18',1,1),(44,'Bánh Quy Sô Cô La Giòn Rụm','Thưởng thức chiếc bánh quy giàu protein được làm từ những nguyên liệu đơn giản bao gồm yến mạch không chứa gluten, protein whey từ bò ăn cỏ, bơ hạnh nhân và vụn sô cô la.','/Coso/assets/img/mon_an/cccookie_large.webp',15000,20000,200,15,8,18,8,2,'2025-06-18',1,1),(45,'Bánh Phô Mai Vani','Đậu vani hảo hạng mang đến cho chiếc bánh phô mai này hương vị vani đậm đà, tuyệt vời! Nhân bánh là hỗn hợp phô mai kem và ricotta để tăng thêm protein và kết cấu kem nhẹ. Vỏ bánh hạnh nhân và yến mạch là sự kết hợp sáng tạo gợi nhớ đến vỏ bánh quy graham truyền thống, và vị giác của bạn sẽ không nhận ra sự khác biệt!','/Coso/assets/img/mon_an/Large_4f831fb0-06d8-44a4-b892-099763b75917_large.webp',25000,30000,180,9,9,17,9,2,'2025-06-18',1,1),(46,'Bánh Phô Mai Dâu Tây Kem Tươi','Được làm từ dâu tây tươi và nhân bánh nhẹ, ngon ngọt, chiếc bánh phô mai này thực sự là một giấc mơ! Sự kết hợp giữa phô mai kem và ricotta mang đến cho chiếc bánh này kết cấu nhẹ hơn, xốp hơn nhưng vẫn có vị mịn và béo ngậy.','/Coso/assets/img/mon_an/Large_e9e76de1-7873-473c-a624-663b0cad02a4_large.webp',25000,30000,180,9,9,17,8,3,'2025-06-18',1,1),(47,'Sô Cô La Hạt Giòn Tan','Hãy thỏa mãn cơn thèm sô cô la của bạn với hỗn hợp hạt này! Sự kết hợp của hạnh nhân, đậu phộng và hạt điều này được bổ sung không chỉ một mà là hai loại sôcôla, sôcôla đen và sôcôla sữa. Hỗn hợp này cũng đi kèm với một phần thưởng bổ sung là giọt bơ đậu phộng và nho khô.','/Coso/assets/img/mon_an/Large_7955a69b-3404-45e3-9e4f-f004d6f64eaf_large.webp',20000,25000,198,6,16,15,10,3,'2025-06-18',1,1),(48,'Bánh Việt Quất Tím Mộng Mơ','Thưởng thức quả việt quất ngọt giàu chất chống oxy hóa và hạt lanh giàu chất xơ trong một thanh yến mạch lành mạnh phủ sữa chua Hy Lạp giàu protein. Thanh Blueberry Parfait tốt cho sức khỏe này được làm từ protein whey từ bò ăn cỏ là một lựa chọn đồ ăn nhẹ thông minh, mang đến niềm hạnh phúc thuần khiết và ngon miệng.','/Coso/assets/img/mon_an/Large_f978355d-59f0-4188-aacd-c83ab08152fa_large.jpg',15000,20000,200,15,7,22,6,3,'2025-06-18',1,1),(49,'Bánh Sô Cô La Espresso Đậm Đà','Espresso làm giảm độ béo ngậy của kem phô mai và nhân ricotta và khuếch đại hương vị của ca cao sô cô la đen cho một món tráng miệng xa hoa.','/Coso/assets/img/mon_an/Large_0a26b0b3-c09d-4c7f-babb-442cc022b5de_large.webp',20000,25000,190,9,9,18,9,3,'2025-06-18',1,1),(50,'Gà Sấy Vị Salsa Đậu Đen Độc Đáo','Thịt gà khô sốt đậu đen Salsa của chúng tôi là sự kết hợp đậm đà của ớt chuông, đậu đen, cà chua và một chút khói.','/Coso/assets/img/mon_an/Large_8724b6bf-51e8-499d-b9bc-55954ebb546e_large.webp',20000,25000,60,11,1,1,1,0,'2025-06-18',1,1),(51,'Sô Cô La Đen & Dừa','Dừa là ngôi sao của thanh protein này! Dừa là nguồn chất béo độc đáo vì nó dễ tiêu hóa và được sử dụng để tạo năng lượng ngay lập tức.','/Coso/assets/img/mon_an/Large_569e9969-103b-4fe6-8174-c71e6d802e01_large.webp',20000,25000,200,15,9,22,9,3,'2025-06-18',1,1),(52,'Waffle Nóng Giòn Cùng Trứng','Bánh quế không chứa gluten theo phong cách gia đình, được phục vụ với vani, quế, xi-rô cây phong kèm theo trứng rán và xúc xích gà tây.','/Coso/assets/img/mon_an/HomestyleWaffleswithScrambledEggs_large.webp',30000,35000,300,15,12,48,4,1,'2025-06-18',4,1),(53,'Thịt Heo BBQ Hàn Quốc ','Chảo rán trứng chế biến từ thịt lợn xé nhỏ trộn với nước sốt BBQ lấy cảm hứng từ Hàn Quốc, ăn kèm với salad kim chi nhẹ.','/Coso/assets/img/mon_an/Korean-InspiredBBQPork_EggSkillet_large.webp',35000,40000,270,21,10,23,16,4,'2025-06-18',1,1),(54,'Trứng Nướng & Bí Đỏ Thơm Lừng','Một món frittata tự làm với xúc xích gà tây nạc vụn, phô mai Thụy Sĩ và phô mai cheddar ăn kèm với bí ngô nướng agave.','/Coso/assets/img/mon_an/TurkeySausageFrittatawithButternutSquash_1_large.webp',35000,40000,260,17,13,18,8,2,'2025-06-18',1,1),(55,'Trứng Ốp La Kiểu Ý Đậm Đà','Lấy cảm hứng từ hương vị của Ý, món trứng tráng kiểu Ý của chúng tôi được nhồi đầy sốt pesto marinara, phô mai mozzarella và xúc xích gà tây xay. Bữa sáng hấp dẫn này được hoàn thiện với khoai tây vỏ đỏ nướng để giúp bạn no bụng suốt buổi sáng.','/Coso/assets/img/mon_an/ItalianStyleOmelet_large.webp',25000,30000,230,22,7,20,4,3,'2025-06-18',1,1),(56,'Yến Mạch Táo Quế ','Yến mạch nguyên hạt cán mỏng với quế và ngọt với xi-rô cây phong đen, táo và nam việt quất khô. Ăn kèm với trứng rán và xúc xích gà tây','/Coso/assets/img/mon_an/AppleCinnamonOatmealwithScrambledEggs_large.webp',25000,30000,210,13,6,25,7,3,'2025-06-18',1,1),(57,'Ức Gà Sốt Táo Đỏ Mọng','Với nhân thảo mộc truyền thống mềm mịn, đậu xanh phủ thịt xông khói hun khói & sốt táo nam việt quất ngọt ngào, bữa tối gà tây này sẽ không làm bạn thất vọng!','/Coso/assets/img/mon_an/TurkeyBreastwithCranberryAppleChutney_large.webp',150000,200000,310,36,5,30,13,5,'2025-06-18',6,1),(58,'Thịt Bò Sấy Vị Quả Mọng','Bạn đang tìm một món ăn nhẹ mang theo? Đây là lựa chọn của bạn! Hãy thưởng thức thịt bò khô ăn cỏ của chúng tôi được làm ngọt bằng nam việt quất và việt quất và chứa 8 gram protein bổ dưỡng.','/Coso/assets/img/mon_an/Large_0cd2f6ba-7350-4cf7-bafe-a8df383af9cd_large.webp',50000,60000,80,8,3,4,3,0,'2025-06-18',6,1),(59,'Kem Bột Cookie Socola','Hãy thưởng thức thanh bột bánh quy sô cô la chip ít carb, giàu protein của chúng tôi được làm từ protein collagen, hạnh nhân, vụn sô cô la đen với một chút vani và muối biển.','/Coso/assets/img/mon_an/chocolatechipcookiedoughbarnew_large.webp',45000,55000,190,13,15,12,3,8,'2025-06-18',6,1),(60,'Bánh Quế Mật Ngọt','Thanh protein Glazed Cinnamon Bun của chúng tôi đã sẵn sàng cung cấp năng lượng cho bạn trong suốt cả ngày.','/Coso/assets/img/mon_an/Large_4a1f1bdf-a219-4374-92dd-b55013ec6bb5_large.webp',35000,45000,180,15,7,22,6,3,'2025-06-18',7,1),(61,'Khoai Tây Đậu Kiểu Chay','Bánh nướng Shepherd được chế biến theo phong cách thuần chay với đậu lăng và rau củ hỗn hợp phủ khoai tây nghiền nướng. Ăn kèm với cà rốt nướng cùng hành tây và rau mùi tây.','/Coso/assets/img/mon_an/VeganLentilShepherd_sPie_large.webp',15000,170000,270,10,6,45,7,8,'2025-06-18',8,1),(62,'Bánh Taco thuần chay','Một chiếc bánh taco thuần chay đầy hương vị được chế biến từ đậu lăng, hành tây, ớt chuông đỏ và trứng rán thuần chay trong nước sốt ranchero cay. Ăn kèm với bánh ngô tortilla và phủ phô mai cheddar thuần chay.','/Coso/assets/img/mon_an/VeganBreakfastTacoBowl_large.webp',140000,150000,270,14,12,27,3,6,'2025-06-18',8,1),(63,'Mì Ống Đậu Hũ ','Đậu phụ ướp Togarashi, một loại gia vị hỗn hợp của Nhật Bản gồm ớt bột, rong biển và hạt vừng, được phục vụ kèm với mì ống và phô mai thuần chay cùng với hỗn hợp rau củ theo phong cách Nhật Bản.','/Coso/assets/img/mon_an/TogarashiTofuwithVeganMac_Cheez_large.webp',145000,155000,320,16,12,35,4,5,'2025-06-18',8,1),(64,'Súp Chili Chay Đậm Đà','Một món ớt thực vật thịnh soạn được chế biến từ hỗn hợp đậu đen và đậu pinto ninh trong nước sốt cà chua và phủ phô mai cheddar thuần chay cùng kem chua thuần chay.','/Coso/assets/img/mon_an/VegetarianChili_large.webp',120000,130000,220,8,8,30,6,8,'2025-06-18',8,1),(65,'Cá Chẽm Sốt Dứa Dừa Ngọt','Cá thịt trắng mọng nước được ngâm trong nước sốt sữa dừa dứa ngọt ngào, ăn kèm với cơm hoa nhài tơi xốp và đậu xanh nguyên hạt trộn với dừa nướng. Barramundi, cá mú có nguồn gốc bền vững của chúng tôi, ít calo với hương vị bơ nhẹ nhàng dễ chịu và nhiều axit béo omega-3 tốt cho tim.','/Coso/assets/img/mon_an/BarramundiSeabasswithSweetPineappleCoconutSauce_1_large.webp',210000,230000,330,35,9,26,7,4,'2025-06-18',5,1),(66,'Sinh tố chuối ngọt ngào','Một ly sinh tố vui nhộn và đầy năng lượng, mang hương vị đặc trưng của chuối chín mọng, vị béo ngậy của bơ đậu phộng và những mảnh socola giòn tan. \"Sinh Tố Khỉ Con\" không chỉ là thức uống, mà còn là một bữa tiệc vị giác đầy bất ngờ, ngọt ngào và bổ dưỡng. Hoàn hảo để khởi đầu ngày mới hoặc nạp năng lượng giữa buổi!','/Coso/assets/img/mon_an/Chunky-Monkey-Smoothie-72.jpg',50000,60000,70,13,18,53,16,8,'2025-06-18',7,1),(67,'Salad Việt Quất Hạnh Nhân','Một sự kết hợp đầy tinh tế và tươi mới! Gỏi Việt Quất Hạnh Nhân là bản giao hưởng của vị chua thanh của những trái việt quất mọng nước, độ giòn bùi của hạnh nhân lát, cùng với rau xanh tươi mát và nước xốt đặc biệt. Món gỏi này không chỉ đẹp mắt mà còn là lựa chọn hoàn hảo cho những ai tìm kiếm một món ăn nhẹ nhàng, bổ dưỡng nhưng vẫn ngập tràn hương vị bất ngờ.','/Coso/assets/img/mon_an/Blueberry-Amandine-Salad-vegan-72.jpg',70000,100000,210,18,20,7,11,11,'2025-06-18',8,1),(68,'Cơm Thố Panang Xào','Với món Panang Stir-Fry Bowl, mình xin đề xuất \"Việt hóa\" và mô tả như sau:\r\n\r\nCơm Thố Panang Xào\r\nMột hành trình vị giác đến Thái Lan ngay tại bàn ăn! Cơm Thố Panang Xào là sự kết hợp hoàn hảo giữa những lát thịt hoặc rau củ tươi ngon được xào nhanh cùng sốt cà ri Panang Thái Lan đậm đà, béo ngậy mùi dừa và thơm nồng các loại thảo mộc, tất cả đặt trên nền cơm trắng dẻo thơm. Món ăn này không chỉ đủ đầy dinh dưỡng mà còn bùng nổ hương vị, mang đến trải nghiệm ẩm thực ấm áp và khó quên.','/Coso/assets/img/mon_an/Panang-Peanut-Stir-FryBowl-vegan-72.jpg',80000,100000,210,19,5,12,6,5,'2025-06-18',5,1),(69,'Bánh Mousse Bơ Đậu Phộng','Một tuyệt phẩm tan chảy ngay từ miếng đầu tiên! Bánh Mousse Bơ Đậu Phộng là sự kết hợp hoàn hảo giữa lớp mousse bơ đậu phộng mềm mịn, béo ngậy, tan chảy trong miệng cùng với đế bánh quy giòn tan hoặc lớp socola đậm đà. Chiếc bánh nhỏ xinh này là lựa chọn lý tưởng cho những tín đồ của bơ đậu phộng, mang đến trải nghiệm vị giác ngọt ngào, thơm lừng khó cưỡng.','/Coso/assets/img/mon_an/Peanut-Butter-Mousse-Cup-72.jpg',70000,100000,195,10,24,20,13,5,'2025-06-18',7,1),(70,'Đậu Gà Cay','Khám phá hương vị Trung Đông giao thoa cùng nét phóng khoáng Mỹ Latin! Sốt Hummus Chipotle Khói là món khai vị độc đáo, hòa quyện giữa sự béo ngậy, mịn màng của đậu gà nghiền, chút chua nhẹ từ chanh tươi, và đặc biệt là nốt cay nồng, thơm lừng mùi khói từ ớt Chipotle. Đây là lựa chọn hoàn hảo để chấm cùng bánh mì pita, rau củ tươi hoặc làm nền cho các món ăn khác, mang đến trải nghiệm vị giác ấm áp và đầy mê hoặc.','/Coso/assets/img/mon_an/Smoky-Chipotle-Hummus-72.jpg',80000,100000,240,12,25,34,9,3,'2025-06-18',2,1),(71,'Ngũ Cốc Kem Vani Vị Cam Chanh','Mở đầu ngày mới đầy hứng khởi với Ngũ Cốc Kem Vani Vị Cam Chanh! Đây là sự kết hợp hoàn hảo giữa những hạt ngũ cốc giòn thơm, được ngâm trong kem vani béo ngậy, mịn màng, cùng với hương thơm tươi mát và vị chua nhẹ đánh thức vị giác từ các loại trái cây họ cam chanh. Món ăn này không chỉ bổ dưỡng mà còn mang lại cảm giác sảng khoái, ngọt ngào, là bữa sáng lý tưởng hoặc món ăn nhẹ đầy năng lượng cho bạn.','/Coso/assets/img/mon_an/Citrus-Vanilla-Cream-Muesli-72.jpg',80000,120000,220,14,16,34,6,10,'2025-06-18',3,1),(72,'Miến Trộn Hàn Quốc','Một món ăn đầy màu sắc và hương vị từ xứ sở Kim Chi! Miến Trộn Hàn Quốc là sự kết hợp hài hòa của những sợi miến khoai lang dai ngon, được xào cùng vô vàn loại rau củ tươi giòn (như cà rốt, cải bó xôi, nấm...), cùng chút thịt hoặc đậu phụ mềm mại. Món ăn được nêm nếm gia vị đậm đà với dầu mè thơm lừng và nước tương đặc trưng, tạo nên một bản giao hưởng vị giác khó quên, vừa thanh đạm lại vừa đủ đầy dinh dưỡng.','/Coso/assets/img/mon_an/Japchae-Salad-vegan-72.jpg',70000,100000,260,17,8,23,12,10,'2025-06-18',8,1),(73,'Thanh Ngũ Cốc','Mở đầu ngày mới hoặc nạp năng lượng tức thì với Thanh Ngũ Cốc Ashwagandha! Đây là sự kết hợp độc đáo giữa các loại hạt dinh dưỡng (hạt bí, hạt hướng dương, hạt chia...) giòn bùi cùng thành phần Ashwagandha, một loại thảo dược quý giúp tăng cường sức khỏe và giảm căng thẳng.','/Coso/assets/img/mon_an/Superfood-Ashwagandha-72.jpg',50000,60000,120,11,12,24,11,13,'2025-06-18',7,1),(74,'Bánh Cà Rốt Vàng','Đánh thức mọi giác quan với Bánh Muffin Cà Rốt Vàng! Chiếc bánh thơm lừng này là sự hòa quyện hoàn hảo giữa vị ngọt tự nhiên của cà rốt tươi bào sợi, chút bùi béo của các loại hạt giòn thơm và hương thơm nồng ấm của quế. ','/Coso/assets/img/mon_an/24-Carrot-Gold-Muffin-72.jpg',50000,60000,180,7,1,37,20,7,'2025-06-18',7,1),(75,'Chè Gạo Lứt','Một món tráng miệng thanh mát và đầy dinh dưỡng! Chè Gạo Lứt Nảy Mầm Vị Thảo Quả là sự kết hợp độc đáo giữa những hạt gạo lứt nảy mầm mềm dẻo, ngọt bùi, được nấu sánh mịn trong sữa dừa hoặc sữa thực vật, và điểm xuyết hương thơm ấm nồng, quyến rũ đặc trưng từ thảo quả.','/Coso/assets/img/mon_an/Sprouted-Brown-Rice-Pudding-72.jpg',60000,70000,110,3,8,8,2,1,'2025-06-18',2,1),(76,'Bát Mì Miso Chanh','Thức tỉnh vị giác với Bát Mì Miso Chanh! Món ăn thanh đạm nhưng đầy hương vị này là sự kết hợp tinh tế giữa sợi mì dai ngon, chan trong nước súp Miso ấm nóng, đậm đà, được nêm nếm thêm chút chanh tươi sảng khoái và các loại rau củ thanh mát.','/Coso/assets/img/mon_an/Lemon-Miso-Bowl-vegan-72.jpg',100000,120000,240,21,21,24,5,9,'2025-06-18',8,1),(77,'Bát Cầu Vồng Kỳ Lân','Một bữa sáng hay bữa nhẹ trong mơ, đẹp như bước ra từ cổ tích! Bát Cầu Vồng Kỳ Lân là sự kết hợp diệu kỳ của sinh tố trái cây xay sánh mịn, được tạo màu tự nhiên từ các loại quả mọng và rau củ tươi ngon, xếp tầng rực rỡ như chiếc cầu vồng.','/Coso/assets/img/mon_an/Unicorn-Bowl-vegan-72.jpg',75000,90000,250,19,17,35,9,9,'2025-06-18',5,1),(78,'Kẹo Mềm Hạnh Nhân Anh Đào','Đắm chìm trong hương vị ngọt ngào và dưỡng chất với Kẹo Mềm Hạnh Nhân Anh Đào Moringa! Món kẹo fudge này là sự kết hợp tinh tế giữa vị béo bùi của hạnh nhân, chút chua thanh tự nhiên từ anh đào khô mọng nước, và đặc biệt là bột Moringa (chùm ngây) bổ dưỡng, mang đến một màu xanh dịu mát. Mỗi viên kẹo tan chảy trong miệng, ngọt ngào, thơm lừng và là một cách tuyệt vời để bổ sung năng lượng mà vẫn giữ được sự lành mạnh.','/Coso/assets/img/mon_an/Almond-Cherry-Moringa-Fudge-72.jpg',65000,75000,195,9,31,25,11,6,'2025-06-18',7,1),(79,'Viên Bột Bánh Quy Nấm Linh Chi Socola','Khám phá một món ăn vặt vừa ngon miệng vừa bổ dưỡng! Viên Bột Bánh Quy Nấm Linh Chi Socola là sự kết hợp độc đáo giữa vị ngọt ngào, béo ngậy của bột bánh quy mềm mịn, những miếng socola chip đậm đà tan chảy, và đặc biệt là chiết xuất từ nấm Linh Chi tự nhiên, giúp tăng cường sức khỏe.','/Coso/assets/img/mon_an/Reishi-Chocolate-Chunk-Cookie-Dough-Balls-72.jpg',85000,95000,190,10,25,23,15,4,'2025-06-18',3,1),(80,'Sinh Tố Thanh Mát Ngày Hè','Một ly sinh tố hoàn hảo để bạn tận hưởng những phút giây thư thái như đang trong kỳ nghỉ! Sinh Tố Thanh Mát Ngày Hè là sự pha trộn diệu kỳ của các loại trái cây tươi nhiệt đới như xoài, dứa, cùng chút nước cốt dừa béo ngậy và một chút bạc hà the mát. Mỗi ngụm sinh tố là một làn gió sảng khoái, ngọt ngào, giúp bạn xua tan mọi mệt mỏi và cảm giác như đang nằm dài trên bãi biển.','/Coso/assets/img/mon_an/Out-Of-Office-Smoothie-72.jpg',45000,55000,110,5,6,21,17,7,'2025-06-18',2,1),(81,'Gỏi Xốt Ranch','Một món gỏi tươi mát, giòn ngon chuẩn vị! Gỏi Vườn Xốt Ranch là sự kết hợp hoàn hảo của các loại rau xanh tươi non như xà lách, dưa chuột, cà chua bi, cùng những miếng gà nướng hoặc trứng luộc thái lát, tất cả được phủ đều bởi lớp xốt Ranch béo ngậy, thơm lừng mùi tỏi và rau thơm. ','/Coso/assets/img/mon_an/Garden-Ranch-Salad-vegan-72.jpg',90000,120000,360,17,19,23,9,10,'2025-06-18',3,1),(82,'Mì Trộn Cải Xoăn','Một biến tấu đầy bất ngờ và hấp dẫn từ món gỏi Caesar kinh điển! Mì Trộn Cải Xoăn Caesar là sự kết hợp hoàn hảo giữa những sợi mì Ý dai ngon, lá cải xoăn xanh mướt giòn rụm, được trộn đều với xốt Caesar béo ngậy, đậm đà vị phô mai và tỏi. Thêm vào đó là chút giòn tan của bánh mì nướng và vị mặn mà của phô mai Parmesan bào sợi, tạo nên một món ăn vừa đủ đầy, vừa thanh mát và vô cùng lôi cuốn.','/Coso/assets/img/mon_an/Kale-Caesar-Pasta-vegan-72.jpg',85000,100000,310,21,12,23,8,11,'2025-06-18',3,1),(83,'Bánh Mousse Thanh Long','Đắm chìm trong sắc hồng rực rỡ và hương vị thanh mát! Bánh Mousse Thanh Long Phô Mai Sống là món tráng miệng độc đáo, kết hợp sự mềm mịn, béo ngậy của lớp mousse phô mai thuần chay, tan chảy trong miệng, cùng vị ngọt dịu và hương thơm đặc trưng của thanh long tươi. Đây là lựa chọn hoàn hảo cho những ai yêu thích ẩm thực lành mạnh, không qua nấu nướng, mang đến cảm giác sảng khoái và một bữa tiệc thị giác đầy màu sắc.','/Coso/assets/img/mon_an/Raw-Dragon-Fruit-Cheesecake-Mousse-72.jpg',35000,45000,110,9,23,25,18,7,'2025-06-18',3,1),(84,'Thanh Yến Mạch Xoài Dừa','Một món ăn vặt tiện lợi và đầy năng lượng, mang đậm hương vị nhiệt đới! Thanh Yến Mạch Xoài Dừa là sự kết hợp hoàn hảo giữa những hạt yến mạch giòn bùi, vị ngọt thơm của xoài chín mọng và sự béo ngậy, quyến rũ từ dừa. Mỗi thanh bánh là một tổng hòa của các hương vị tươi mới và kết cấu hấp dẫn, là lựa chọn lý tưởng cho bữa sáng nhanh gọn, bữa ăn nhẹ giữa buổi hoặc khi bạn cần nạp năng lượng tức thì.','/Coso/assets/img/mon_an/Mango-Coconut-Oat-Bar-72.jpg',55000,65000,150,10,24,21,18,6,'2025-06-18',6,1),(85,'Trứng Bông Rau Xanh','Bắt đầu ngày mới đầy năng lượng với Trứng Cuộn Protein Chipotle! Món ăn hấp dẫn này là sự kết hợp hoàn hảo giữa những quả trứng tươi được đánh bông và cuộn mềm mại, cùng với hương vị cay nồng, khói nhẹ đặc trưng từ ớt Chipotle. ','/Coso/assets/img/mon_an/Chipotle-Protein-Scramble-72.jpg',55000,65000,210,20,9,22,13,12,'2025-06-18',7,1),(86,'Gỏi Gà Đậu Hũ Giòn Kiểu Hy Lạp','Một món gỏi thanh mát, giòn ngon chuẩn vị Địa Trung Hải! Gỏi Gà Đậu Hũ Giòn Kiểu Hy Lạp là sự kết hợp hoàn hảo giữa những hạt đậu gà được tẩm ướp gia vị và nướng/chiên giòn rụm, cùng với các loại rau tươi như xà lách, dưa chuột, cà chua bi, và phô mai feta mặn mà. ','/Coso/assets/img/mon_an/Crispy-Chickpea-Greek-Salad-vegan-72.jpg',90000,130000,310,18,11,32,4,10,'2025-06-18',5,1),(87,'Món Hầm Ngũ Vị','Mang hương vị Bắc Phi đầy mê hoặc đến bàn ăn của bạn với Món Hầm Đất Nung Tagine! Đây là món ăn truyền thống được chế biến chậm rãi trong chiếc nồi đất nung đặc trưng, giúp giữ trọn vẹn hương vị và dưỡng chất. ','/Coso/assets/img/mon_an/Fire-Roasted-Tomato-Tajine-vegan-72.jpg',100000,120000,420,21,30,34,12,15,'2025-06-18',5,1),(88,'Bánh Mousse Bạc Hà Socola','Đắm chìm trong sự kết hợp tươi mát và ngọt ngào! Bánh Mousse Bạc Hà Socola là món tráng miệng độc đáo, với lớp mousse bạc hà xanh mát, mềm mịn, tan chảy trong miệng, phía dưới là lớp bánh quy socola giòn tan hoặc vụn bánh cacao đậm đà.','/Coso/assets/img/mon_an/Grasshopper-Mousse-Cup-72.jpg',65000,75000,170,10,16,34,15,6,'2025-06-18',6,1),(89,'Phô Mai Cà Chua Khô','Một lựa chọn khai vị sáng tạo và đầy hấp dẫn! Đĩa \"Phô Mai\" Cà Chua Khô mang đến trải nghiệm thưởng thức tinh tế, với những lát \"phô mai\" làm từ hạt điều hoặc các nguyên liệu thực vật khác, được tẩm ướp đậm đà và có độ béo ngậy tương tự phô mai truyền thống. ','/Coso/assets/img/mon_an/Sun-Dried-Snack-Pack-72.jpg',75000,85000,210,9,21,21,6,6,'2025-06-18',6,1),(90,'Khoai Lang Chiên Thập Cẩm','Một món ăn sáng hoặc ăn kèm đầy màu sắc và dinh dưỡng! Khoai Lang Chiên Thập Cẩm là sự kết hợp tuyệt vời giữa những miếng khoai lang thái hạt lựu được chiên vàng giòn rụm, cùng với các loại rau củ tươi ngon như hành tây, ớt chuông, và thêm chút thịt xông khói hoặc xúc xích thái hạt lựu. Món ăn này không chỉ bắt mắt mà còn mang đến hương vị ngọt bùi của khoai lang hòa quyện cùng vị đậm đà của các nguyên liệu khác, là lựa chọn hoàn hảo để bắt đầu ngày mới tràn đầy năng lượng.','/Coso/assets/img/mon_an/Sweet-Potato-Hash-72.jpg',90000,120000,380,12,1,12,4,1,'2025-06-18',4,1),(91,'Cơm Thố Ngọc Ruby','Đánh thức mọi giác quan với Cơm Thố Ngọc Ruby! Món ăn này là một bản giao hưởng sắc màu và hương vị, nổi bật với nền cơm hạt đỏ óng ả như ngọc ruby, kết hợp cùng các loại rau củ tươi thái hạt lựu đầy màu sắc như ớt chuông đỏ, bắp cải tím, và cà rốt. Thêm vào đó là những miếng thịt nướng hoặc đậu phụ áp chảo mềm mại, tất cả được rưới đều bằng loại nước xốt đặc biệt, tạo nên một bữa ăn không chỉ đẹp mắt mà còn bổ dưỡng và tràn đầy năng lượng.','/Coso/assets/img/mon_an/Ruby-Rice-Bowl-vegan-72.jpg',120000,140000,350,22,21,12,6,12,'2025-06-18',8,1),(92,'Cơm Cuộn Đút Lò','Một món ăn Mexico ấm áp và đầy hương vị cho cả gia đình! Cơm Cuộn Enchilada Đút Lò là sự kết hợp hấp dẫn giữa những miếng bánh Tortilla mềm mại, được cuộn chặt với nhân thịt bò/gà băm hoặc đậu đậm đà, sau đó phủ ngập trong xốt Enchilada đỏ sánh mịn và rắc lớp phô mai béo ngậy. Món ăn này sau khi được đút lò sẽ có màu vàng óng, thơm lừng, mang đến trải nghiệm ẩm thực nồng nàn, ấm cúng và vô cùng khó quên.','/Coso/assets/img/mon_an/Enchilada-Bake-vegan-72.jpg',190000,210000,360,19,12,23,8,12,'2025-06-18',7,1),(93,'Thanh Bánh Khoai Mỡ Tím','Một món ăn vặt vừa lạ miệng vừa bổ dưỡng từ vùng đất Okinawa! Thanh Bánh Khoai Mỡ Tím là sự kết hợp độc đáo giữa vị ngọt tự nhiên và màu tím quyến rũ của khoai mỡ tím, được nghiền mịn và kết hợp cùng các loại hạt giòn bùi cùng chút yến mạch thơm ngon.','/Coso/assets/img/mon_an/Okinawan-Sweet-Potato-Bar-72.jpg',55000,70000,195,21,20,12,10,3,'2025-06-18',5,1),(94,'Gà Nướng Hàn Quốc','Thưởng thức món gà áp chảo ngon miệng của chúng tôi, được phủ một lớp glaze lấy cảm hứng từ Hàn Quốc, phục vụ trên lớp bí ngô và bông cải xanh, cho một bữa ăn keto ngon miệng và lành mạnh.','/Coso/assets/img/mon_an/KT0039CX-002-1.jpg',60000,100000,480,33,31,16,6,4,'2025-07-14',6,1),(95,'Tôm Xào Kung Pao Thơm Nồng','Hãy thử món Tôm Khuấy Kung Pao không thể cưỡng lại! Tôm ngon ngọt kết hợp với một hỗn hợp rau xào đầy màu sắc như bông cải xanh, cà rốt, đậu Hà Lan và ớt chuông đỏ. Được trộn với nước sốt teriyaki hấp dẫn và phục vụ trên cơm súp lơ, đây là một bữa ăn đầy hương vị và thỏa mãn chắc chắn sẽ gây ấn tượng.','/Coso/assets/img/mon_an/KT0020SR-002-1.webp',100000,140000,423,29,29,18,5,5,'2025-07-14',6,1),(96,'Cà Ri Gà Panang Thơm Ngậy',' Nước sốt Panang curry của chúng tôi kết hợp những nốt ngọt ngào của nước dừa với sự pha trộn của các loại gia vị như nghệ và gừng, mang lại hương vị vừa vặn. Món ăn này được phục vụ cùng với một lớp cơm súp lơ cho một món ăn phụ ít calo nhưng vẫn đầy đủ hương vị.','/Coso/assets/img/mon_an/KT0019CX-002-1.webp',100000,140000,635,38,48,18,6,9,'2025-07-14',6,1),(97,'Bánh Cuốn Brisket Guacamole Đậm Vị','Thịt bò, ớt chuông, guacamole, bột vỏ bánh','/Coso/assets/img/mon_an/KT0069BF-002-1.jpg',90000,120000,290,36,30,23,2,12,'2025-07-14',6,1),(98,'Gà Teriyaki Thơm Ngon','Món ăn ngọt và chua này sẽ làm hài lòng vị giác của bạn và kế hoạch ăn kiêng keto của bạn. Đùi gà và một loại rau củ bao gồm bông cải xanh, bí ngòi và cà rốt được phủ một lớp sốt teriyaki keto thơm ngon và được nêm gia vị theo phong cách châu Á. Bơ cắt nhỏ được thêm vào để tăng thêm độ béo ngậy và chất béo lành mạnh.','/Coso/assets/img/mon_an/KT0005CX-002-1.webp',80000,120000,280,41,34,17,7,7,'2025-07-14',6,1),(99,'Bò Áp Chảo Romesco Đậm Đà','Thưởng thức bữa ăn keto với steak khói này, được làm từ sốt romesco, rau tươi và một bên guacamole.','/Coso/assets/img/mon_an/KT0036BF-002-1.webp',150000,190000,460,35,28,18,4,7,'2025-07-14',6,1),(100,'Thăn Lợn Áp Chảo Mù Tạt','Thưởng thức một miếng sườn heo nướng ngon miệng, kèm với sốt mù tạt dijon lấy cảm hứng từ mùa thu, đậu xanh và bí ngô butternut.','/Coso/assets/img/mon_an/KT0041PK-002-1.webp',70000,110000,1420,31,24,21,8,9,'2025-07-14',6,1),(101,'Taco Gà Tây Đậm Vị','Bát Taco Gà Tây này là một bữa ăn vô cùng đơn giản nhưng lại rất thỏa mãn. Thưởng thức thịt gà tây xay gia vị, được phục vụ trên đỉnh cơm trắng xốp, trộn với đậu đen, ngô, và được rắc pico de gallo và một lát chanh.','/Coso/assets/img/mon_an/PM0003TY-002-1.webp',100000,150000,670,49,18,77,2,2,'2025-07-14',7,1),(102,'Tôm Romesco Thơm Nồng','Tôm không có kháng sinh và được nuôi dưỡng bền vững của chúng tôi được phục vụ trên một lớp cơm Jasmine xốp, kèm theo một món rau gồm bông cải xanh và cà rốt non tươi ngon, và được rưới với sốt Romesco thơm ngon của chúng tôi, tạo nên một món ăn thuần chay cực kỳ lành mạnh và ngon miệng.','/Coso/assets/img/mon_an/CN0107SR-001-–-1.webp',120000,160000,460,32,15,44,3,5,'2025-07-14',7,1),(103,'Thịt BBQ Texas Đậm Chất','Một trong những món ăn yêu thích của đầu bếp của chúng tôi, Bữa Ăn Protein BBQ Texas đi kèm với thịt brisket thơm ngon, được phục vụ trên món mì phô mai, kèm theo sốt BBQ và một bên là bông cải xanh giòn.','/Coso/assets/img/mon_an/PM0008BF-002-1.webp',150000,200000,720,49,24,76,5,13,'2025-07-14',7,1),(104,'Bánh Cuốn Trifecta','Burrito của chúng tôi là một trong những món ăn bán chạy nhất, và bây giờ chúng tôi mang đến cho bạn burrito Trifecta hoàn hảo! Thưởng thức burrito gà siêu ngon, được phục vụ với cơm và đậu, phô mai cheddar, được cuộn trong bánh tortilla 10 inch, và phục vụ với một chén salsa thơm ngon.','/Coso/assets/img/mon_an/PM0006CX-002-1.webp',100000,140000,560,46,15,60,4,5,'2025-07-14',7,1),(105,'Tamales Gà Enchilada Đỏ','Thưởng thức 2 chiếc tamale gà ngon tuyệt, với sốt enchilada đỏ tự làm Trifecta, một phần gà xé để bổ sung protein, được bày trên đĩa cơm kiểu Mexico đỏ, và một phần rau củ bổ dưỡng.','/Coso/assets/img/mon_an/CN0104CX-002-1.jpg',100000,140000,450,31,15,47,4,7,'2025-07-14',7,1),(106,'Bánh Hamburger Chipotle Thơm Cay','Hãy thưởng thức bữa ăn hamburger đầu tiên của Trifecta! Chiếc hamburger lành mạnh này được phục vụ trên bánh khoai tây, với nước sốt Chipotle khói, kèm theo món ăn bổ dưỡng từ khoai lang, đậu và ngô. Bạn sẽ không thể tin được bữa ăn này ngon đến mức nào!','/Coso/assets/img/mon_an/PM0007BF-002-1.webp',80000,120000,750,42,31,76,7,8,'2025-07-14',7,1),(107,'Heo Áp Chảo Sốt \"Phô Mai\"','Thưởng thức món thịt heo kéo ngon miệng này, được bày bên cạnh những miếng khoai tây đỏ, ngập trong sốt phomai bí ngô thơm ngon, và một bên là bông cải xanh tươi.','/Coso/assets/img/mon_an/CN0109PK-001-1.webp',90000,130000,400,30,14,38,4,7,'2025-07-14',7,1),(108,'Gà Áp Chảo Phong Cách Hàn Quốc','Một bữa ăn phong phú và đầy hương vị với thịt gà mềm mại, bông cải xanh dinh dưỡng và cải xoăn đẹp mắt, được bổ sung bởi một hỗn hợp gia vị thơm ngon và nước dừa đậm đà. Với vị thơm của mè rang và gừng, món ăn thỏa mãn này, được hòa quyện với nước dùng rau củ, chắc chắn sẽ khiến bạn cảm thấy thoải mái và được nuôi dưỡng.','/Coso/assets/img/mon_an/PL0043CX-001-1.webp',95000,155000,298,30,18,28,15,5,'2025-07-14',7,1),(109,'Cơm Cá Hồi Cajun','Bữa ăn được chế biến cho những khách hàng dày dạn kinh nghiệm nhất của chúng tôi, món ăn kiểu bát này được làm từ gạo nâu hoang dã hoặc nuôi trồng bền vững, đậu xanh thơm ngon, được phủ trong sốt Cajun được làm từ hỗn hợp cà chua và gia vị độc đáo của miền nam nước Mỹ.','/Coso/assets/img/mon_an/CN0096SM-001-1.webp',85000,120000,280,29,20,37,6,6,'2025-07-14',7,1),(110,'Đậu Phụ Nướng BBQ Ngọt Thanh','Món ăn theo phong cách thoải mái này là một bữa ăn thuần chay tuyệt ngon, được làm từ đậu phụ cắt nhỏ và nêm gia vị, sốt BBQ chua ngọt đặc biệt, khoai lang nghiền và bông cải xanh cùng ớt chuông nướng nhẹ.','/Coso/assets/img/mon_an/VG0062TF-001-1.jpg',55000,90000,290,24,16,45,19,11,'2025-07-14',8,1),(111,'Bát Đậu Phụ Chipotle Thơm Cay','Món ăn ngon này được làm từ gạo và đậu, được phục vụ với một loại sốt chipotle ngon miệng, trộn với đậu phụ, và kèm theo một phần guacamole của chúng tôi.','/Coso/assets/img/mon_an/VG0076TF-002-1.webp',70000,100000,430,20,15,54,6,12,'2025-07-14',8,1),(112,'Cà Ri Xanh Đậu Lăng','Đây là một bữa ăn hoàn toàn từ thực vật, đầy chất xơ và hương vị! Hãy thưởng thức sự kết hợp của gạo và đậu lăng để có một protein hoàn chỉnh, được bày trên một món cà ri cơm dừa ngon miệng cùng với một hỗn hợp rau củ.','/Coso/assets/img/mon_an/VG0072PL-001-1.webp',90000,140000,440,19,15,60,7,19,'2025-07-14',8,1),(113,'Đậu Phụ Sốt Táo Nâu','Món ăn đầy hương vị này đến từ nước sốt táo Dijon Brown độc đáo và ngon miệng được phục vụ trên những củ khoai tây được nêm nếm hoàn hảo và nướng chín, đứng cạnh những chiếc đậu xanh tươi và đậu hũ thái hạt lựu được tẩm gia vị Jambalaya.','/Coso/assets/img/mon_an/VG0063TF-001-1.webp',70000,100000,290,24,16,54,20,11,'2025-07-14',8,1),(114,'Gà Thuần Chay Sốt Bơ Ấn Độ','Một phiên bản ăn chay của những món ăn bán chạy nhất của chúng tôi, được làm từ gà Daring, một loại sốt kiểu Ấn Độ làm từ dừa và cà chua, cơm Jasmine xốp và một hỗn hợp rau củ cùng với đậu xanh tươi sáng.','/Coso/assets/img/mon_an/VG0034PC-001-1.webp',90000,140000,425,20,17,51,10,9,'2025-07-14',8,1),(115,'Gà Nướng Tỏi','Món \"Gà Nướng Tỏi với Sốt Chảo, Khoai Tây Nghiền Kem Chives và Đậu Xanh Tỏi Thơm\" là sự kết hợp hoàn hảo giữa gà nướng tỏi thơm lừng, sốt chảo đậm đà, khoai tây nghiền béo ngậy với hương chives tươi mát, cùng đậu xanh giòn thơm, mang đến một trải nghiệm ẩm thực đậm chất phương Tây, vừa tinh tế vừa hấp dẫn!','/Coso/assets/img/mon_an/0196a311-4dde-7bda-a981-ec56475bd3ab-c89e6a72.jpg',90000,110000,300,23,15,21,5,5,'2025-07-14',2,1),(116,'Mì Cavatappi Gà Xé','Món \"Mì Cavatappi Gà Xé và Ngô Nướng với Sốt Kem Tỏi & Bông Cải Xanh\" là sự hòa quyện tuyệt vời giữa mì cavatappi dai ngon, gà xé mềm thơm, ngô nướng ngọt khói, sốt kem tỏi béo ngậy và bông cải xanh giòn rụm, mang đến một trải nghiệm ẩm thực Ý-Mỹ hiện đại, vừa đậm đà vừa hấp dẫn!','/Coso/assets/img/mon_an/01928a5a-0a26-7f75-a50a-d9dad8d29f74-eccc2135.png',90000,110000,300,24,15,22,5,7,'2025-07-14',2,1);
/*!40000 ALTER TABLE `sanpham` ENABLE KEYS */;
UNLOCK TABLES;

--
-- Table structure for table `sanphamthanhphan`
--

DROP TABLE IF EXISTS `sanphamthanhphan`;
/*!40101 SET @saved_cs_client     = @@character_set_client */;
/*!50503 SET character_set_client = utf8mb4 */;
CREATE TABLE `sanphamthanhphan` (
  `Masp` int(11) NOT NULL,
  `Thanhphanid` int(11) NOT NULL,
  PRIMARY KEY (`Masp`,`Thanhphanid`),
  KEY `Thanhphanid` (`Thanhphanid`),
  CONSTRAINT `sanphamthanhphan_ibfk_1` FOREIGN KEY (`Masp`) REFERENCES `sanpham` (`Masp`) ON DELETE CASCADE,
  CONSTRAINT `sanphamthanhphan_ibfk_2` FOREIGN KEY (`Thanhphanid`) REFERENCES `thanhphan` (`Idthanhphan`) ON DELETE CASCADE
) ENGINE=InnoDB DEFAULT CHARSET=utf8mb4 COLLATE=utf8mb4_general_ci;
/*!40101 SET character_set_client = @saved_cs_client */;

--
-- Dumping data for table `sanphamthanhphan`
--

LOCK TABLES `sanphamthanhphan` WRITE;
/*!40000 ALTER TABLE `sanphamthanhphan` DISABLE KEYS */;
INSERT INTO `sanphamthanhphan` VALUES (1,8),(1,9),(1,10),(1,11),(1,12),(1,13),(1,14),(2,13),(2,15),(2,16),(2,17),(2,18),(2,19),(2,20),(4,7),(4,11),(4,13),(4,24),(4,25),(4,26),(5,16),(5,20),(5,23),(5,27),(5,28),(5,29),(8,8),(8,11),(8,22),(8,26),(8,30),(8,31),(8,32),(9,13),(9,15),(9,33),(10,10),(10,15),(10,16),(10,34),(10,35),(11,21),(11,36),(11,37),(11,38),(11,39),(11,40),(12,21),(12,38),(12,41),(12,42),(12,43),(15,1),(15,13),(15,21),(15,23),(17,5),(17,8),(17,9),(17,10),(17,17),(17,23),(18,9),(18,10),(18,13),(18,15),(19,9),(19,15),(19,23),(19,28),(19,46),(20,5),(20,9),(20,20),(20,21),(20,47),(20,48),(21,24),(21,25),(21,49),(21,50),(22,8),(22,51),(22,52),(23,3),(23,53),(23,54),(24,1),(24,11),(24,15),(24,50),(24,55),(24,56),(25,13),(25,15),(25,20),(25,23),(25,56),(26,10),(26,11),(26,15),(26,34),(26,35),(26,57),(27,6),(27,13),(27,15),(27,17),(27,22),(27,26),(27,37),(28,7),(28,11),(28,26),(28,32),(28,67),(28,68),(28,69),(29,7),(29,10),(29,17),(29,70),(30,21),(30,41),(30,42),(30,71),(42,13),(42,72),(42,73),(42,74),(43,9),(43,65),(43,75),(43,76),(44,73),(44,74),(44,75),(45,13),(45,72),(45,73),(45,77),(46,13),(46,73),(46,78),(47,13),(47,65),(47,73),(47,75),(47,79),(48,2),(48,68),(48,74),(49,13),(49,80),(49,81),(50,7),(50,16),(50,38),(50,41),(51,75),(51,82),(52,1),(52,6),(52,77),(52,83),(53,1),(53,21),(53,84),(54,6),(54,7),(54,13),(54,14),(55,1),(55,23),(56,1),(56,74),(56,83),(56,85),(57,7),(57,10),(57,68),(58,8),(58,68),(59,73),(59,75),(59,77),(60,73),(60,74),(60,86),(61,11),(61,23),(61,37),(61,71),(62,1),(62,37),(62,41),(62,87),(63,13),(63,41),(63,88),(63,89),(63,90),(64,13),(64,16),(64,38),(65,10),(65,35),(65,64),(65,91),(66,3),(66,65),(66,92),(67,68),(67,93),(68,7),(68,34),(68,35),(68,82),(69,3),(69,65),(69,75),(70,41),(70,94),(70,95),(70,96),(71,43),(71,74),(71,77),(71,97),(72,69),(72,88),(72,98),(72,99),(72,100),(72,101),(73,9),(73,74),(73,102),(74,11),(74,83),(74,102),(74,103),(75,91),(75,104),(75,105),(76,33),(76,95),(76,106),(76,107),(77,102),(77,108),(77,109),(77,110),(77,111),(78,73),(78,112),(78,113),(78,114),(79,75),(79,115),(79,116),(79,117),(80,51),(80,82),(80,118),(80,119),(81,1),(81,16),(81,120),(81,121),(82,13),(82,31),(82,122),(82,123),(83,124),(83,125),(83,126),(83,127),(84,51),(84,74),(84,82),(84,128),(85,1),(85,41),(85,107),(86,13),(86,96),(86,120),(86,129),(87,35),(87,96),(87,107),(87,130),(88,75),(88,131),(88,132),(88,133),(89,11),(89,13),(89,16),(89,134),(90,36),(90,37),(90,69),(90,135),(91,10),(91,35),(91,45),(91,107),(92,13),(92,65),(92,99),(92,136),(93,9),(93,74),(93,102),(93,137),(94,14),(94,15),(94,20),(94,138),(95,3),(95,44),(95,64),(96,11),(96,15),(96,20),(97,139),(97,140),(97,141),(97,142),(98,3),(98,11),(98,15),(98,20),(98,50),(99,8),(99,20),(99,24),(99,50),(100,10),(100,14),(100,21),(100,46),(101,7),(101,42),(101,46),(101,143),(102,11),(102,20),(102,64),(102,144),(103,8),(103,20),(103,145),(103,146),(104,15),(104,143),(104,147),(105,11),(105,15),(105,20),(105,24),(105,50),(105,148),(106,8),(106,23),(106,38),(106,149),(107,13),(107,20),(107,21),(107,23),(108,7),(108,11),(108,122),(109,10),(109,16),(109,36),(109,64),(110,20),(110,69),(110,88),(111,3),(111,88),(111,150),(112,3),(112,91),(112,151),(112,152),(113,69),(113,88),(113,143),(113,153),(114,15),(114,16),(114,143),(115,15),(115,17),(115,23),(115,143),(116,15),(116,17),(116,20),(116,154);
/*!40000 ALTER TABLE `sanphamthanhphan` ENABLE KEYS */;
UNLOCK TABLES;

--
-- Table structure for table `suckhoe_loai`
--

DROP TABLE IF EXISTS `suckhoe_loai`;
/*!40101 SET @saved_cs_client     = @@character_set_client */;
/*!50503 SET character_set_client = utf8mb4 */;
CREATE TABLE `suckhoe_loai` (
  `Mathongtin` int(11) NOT NULL,
  `Maloai` int(11) NOT NULL,
  PRIMARY KEY (`Mathongtin`,`Maloai`),
  KEY `Maloai` (`Maloai`),
  CONSTRAINT `suckhoe_loai_ibfk_1` FOREIGN KEY (`Mathongtin`) REFERENCES `khachhang_suckhoe` (`id`),
  CONSTRAINT `suckhoe_loai_ibfk_2` FOREIGN KEY (`Maloai`) REFERENCES `loai` (`Maloai`)
) ENGINE=InnoDB DEFAULT CHARSET=utf8mb4 COLLATE=utf8mb4_general_ci;
/*!40101 SET character_set_client = @saved_cs_client */;

--
-- Dumping data for table `suckhoe_loai`
--

LOCK TABLES `suckhoe_loai` WRITE;
/*!40000 ALTER TABLE `suckhoe_loai` DISABLE KEYS */;
INSERT INTO `suckhoe_loai` VALUES (15,2),(15,5),(16,1),(16,4),(17,1),(18,1),(18,4),(19,7),(20,1),(20,4),(21,1),(21,4),(22,6),(22,8),(23,7),(23,8),(24,1),(24,4),(24,5),(25,1),(25,8),(26,1),(26,5),(26,8),(27,1),(27,5),(27,8),(28,1),(28,5),(28,8),(29,1),(29,5),(29,8);
/*!40000 ALTER TABLE `suckhoe_loai` ENABLE KEYS */;
UNLOCK TABLES;

--
-- Table structure for table `thanhphan`
--

DROP TABLE IF EXISTS `thanhphan`;
/*!40101 SET @saved_cs_client     = @@character_set_client */;
/*!50503 SET character_set_client = utf8mb4 */;
CREATE TABLE `thanhphan` (
  `Idthanhphan` int(11) NOT NULL AUTO_INCREMENT,
  `Tenthanhphan` varchar(255) NOT NULL,
  `MaThanhPhan` varchar(50) DEFAULT NULL,
  PRIMARY KEY (`Idthanhphan`),
  UNIQUE KEY `Tenthanhphan` (`Tenthanhphan`),
  UNIQUE KEY `MaThanhPhan` (`MaThanhPhan`)
) ENGINE=InnoDB AUTO_INCREMENT=155 DEFAULT CHARSET=utf8mb4 COLLATE=utf8mb4_general_ci;
/*!40101 SET character_set_client = @saved_cs_client */;

--
-- Dumping data for table `thanhphan`
--

LOCK TABLES `thanhphan` WRITE;
/*!40000 ALTER TABLE `thanhphan` DISABLE KEYS */;
INSERT INTO `thanhphan` VALUES (1,'trứng','trung'),(2,'sữa','sua'),(3,'bơ',NULL),(4,'bột cacao',NULL),(5,'Đường',NULL),(6,'Xúc xích',NULL),(7,'Thịt gà',NULL),(8,'Thịt bò',NULL),(9,'mật ong',NULL),(10,'đậu xanh',NULL),(11,'cà rốt',NULL),(12,'ớt xanh',NULL),(13,'phomai',NULL),(14,'bí ngô',NULL),(15,'Gà',NULL),(16,'cà chua',NULL),(17,'tỏi',NULL),(18,'cỏ xạ hương',NULL),(19,'cà sốt',NULL),(20,'bông cải xanh',NULL),(21,'Thịt heo',NULL),(22,'nấm',NULL),(23,'khoai tây',NULL),(24,'bí xanh',NULL),(25,'bí ngòi',NULL),(26,'bông cải',NULL),(27,'Ức gà',NULL),(28,'ớt đỏ',NULL),(29,'hạt thông',NULL),(30,'vang đỏ',NULL),(31,'mì ý',NULL),(32,'hành','hanh'),(33,'mì',NULL),(34,'cà ri',NULL),(35,'cơm',NULL),(36,'ớt chuông',NULL),(37,'hành tây',NULL),(38,'đậu đen',NULL),(39,'gạo',NULL),(40,'bắp cải xanh',NULL),(41,'ớt',NULL),(42,'ngô',NULL),(43,'chanh',NULL),(44,'rau xào',NULL),(45,'táo',NULL),(46,'mùi tạt',NULL),(47,'bắp cải tím',NULL),(48,'táo chua',NULL),(49,'Cá hồi',NULL),(50,'súp lơ',NULL),(51,'xoài',NULL),(52,'đậu đỏ',NULL),(53,'Bánh mì',NULL),(54,'khoai mì',NULL),(55,'bắp cải',NULL),(56,'hành lá',NULL),(57,'cà tím',NULL),(64,'Hải sản','haisan'),(65,'Đậu phộng','dauphong'),(66,'Các loại hạt','hat'),(67,'thơm',NULL),(68,'việt quất',NULL),(69,'khoai lang',NULL),(70,'húng quế',NULL),(71,'rau mùi',NULL),(72,'kem',NULL),(73,'hạnh nhân',NULL),(74,'yến mạch',NULL),(75,'Socola',NULL),(76,'váng có',NULL),(77,'vani',NULL),(78,'dâu tây',NULL),(79,'nho',NULL),(80,'ca cao',NULL),(81,'espresso',NULL),(82,'Dừa',NULL),(83,'Quế',NULL),(84,'kim chi',NULL),(85,'xúc xích gà',NULL),(86,'Váng sữa',NULL),(87,'bánh ngô',NULL),(88,'Đậu phụ',NULL),(89,'rong biển',NULL),(90,'mì ống',NULL),(91,'sữa dừa',NULL),(92,'Chuối',NULL),(93,'hạnh nhân. rau xanh',NULL),(94,'Đậu gà',NULL),(95,'chanh tươi',NULL),(96,'dầu ô liu',NULL),(97,'Ngũ cốc',NULL),(98,'Miến',NULL),(99,'rau',NULL),(100,'dầu mè',NULL),(101,'nước tương',NULL),(102,'Hạt dinh dưỡng',NULL),(103,'bột mì',NULL),(104,'Gạo lứt',NULL),(105,'chất tạo ngọt tự nhiên',NULL),(106,'súp Miso',NULL),(107,'rau củ',NULL),(108,'Sinh tố trái cây',NULL),(109,'quả mọng',NULL),(110,'rau củ tạo màu',NULL),(111,'trái cây tươi',NULL),(112,'anh đào khô',NULL),(113,'bột Moringa',NULL),(114,'bơ ca cao',NULL),(115,'Bột bánh quy',NULL),(116,'nấm Linh Chi',NULL),(117,'bơ thực vật',NULL),(118,'nước cốt dừa',NULL),(119,'bạc hà',NULL),(120,'Rau xanh',NULL),(121,'xốt Ranch',NULL),(122,'cải xoăn',NULL),(123,'xốt Caesar',NULL),(124,'Thanh long',NULL),(125,'hạt điều',NULL),(126,'chà là',NULL),(127,'nước cốt chanh',NULL),(128,'mật ong/chất tạo ngọt tự nhiên',NULL),(129,'Đậu gà chiên',NULL),(130,'gia vị Bắc Phi',NULL),(131,'Mousse bạc hà',NULL),(132,'kem tươi',NULL),(133,'bánh quy cacao',NULL),(134,'mạch nha',NULL),(135,'thịt xông khói.',NULL),(136,'Bánh Tortilla',NULL),(137,'Khoai mỡ tím',NULL),(138,'nước dừa',NULL),(139,'Đáp ứng cơn đói của bạn với Burrito Thịt Bò Nướng của chúng tôi với Guacamole',NULL),(140,'có thịt bò nướng mềm',NULL),(141,'guacamole đầy hương vị',NULL),(142,'và một lớp bột mì nguyên cám để giữ cho bạn cảm thấy no và hài lòng.',NULL),(143,'đậu',NULL),(144,'sốt romesco',NULL),(145,'sốt BBQ',NULL),(146,'mì đậu',NULL),(147,'vỏ bánh tortilla',NULL),(148,'sốt enchilada đỏ',NULL),(149,'sốt ớt',NULL),(150,'sốt chipotle',NULL),(151,'đậu lăng',NULL),(152,'rau chân vịt',NULL),(153,'sốt táo nâu',NULL),(154,'Ngô nướng',NULL);
/*!40000 ALTER TABLE `thanhphan` ENABLE KEYS */;
UNLOCK TABLES;

--
-- Dumping events for database 'tqfood'
--

--
-- Dumping routines for database 'tqfood'
--
/*!40103 SET TIME_ZONE=@OLD_TIME_ZONE */;

/*!40101 SET SQL_MODE=@OLD_SQL_MODE */;
/*!40014 SET FOREIGN_KEY_CHECKS=@OLD_FOREIGN_KEY_CHECKS */;
/*!40014 SET UNIQUE_CHECKS=@OLD_UNIQUE_CHECKS */;
/*!40101 SET CHARACTER_SET_CLIENT=@OLD_CHARACTER_SET_CLIENT */;
/*!40101 SET CHARACTER_SET_RESULTS=@OLD_CHARACTER_SET_RESULTS */;
/*!40101 SET COLLATION_CONNECTION=@OLD_COLLATION_CONNECTION */;
/*!40111 SET SQL_NOTES=@OLD_SQL_NOTES */;

-- Dump completed on 2025-07-14  8:20:31
